Home_Away,MATCHUP_ID,FG_PCT_DIFF,FG3_PCT_DIFF,FT_PCT_DIFF,TS%_DIFF,eFG%_DIFF,AST%_DIFF,ORtg_DIFF,PER%_DIFF,DRtg_Oliver_DIFF,ltsm_PREDICTION,Date,TEAM_NAME,TEAM_ABBREVIATION
,DALSAS,,,,,,,,,,1.0,2023-10-25,San Antonio Spurs,
,MEMNOP,,,,,,,,,,0.0,2023-10-25,Memphis Grizzlies,
,MEMNOP,,,,,,,,,,1.0,2023-10-25,New Orleans Pelicans,
,MINTOR,,,,,,,,,,0.0,2023-10-25,Toronto Raptors,
,BOSNYK,,,,,,,,,,1.0,2023-10-25,New York Knicks,
,BOSNYK,,,,,,,,,,0.0,2023-10-25,Boston Celtics,
,LACPOR,,,,,,,,,,1.0,2023-10-25,Portland Trail Blazers,
,LACPOR,,,,,,,,,,0.0,2023-10-25,LA Clippers,
,DALSAS,,,,,,,,,,0.0,2023-10-25,Dallas Mavericks,
,BKNCLE,,,,,,,,,,0.0,2023-10-25,Brooklyn Nets,
,INDWAS,,,,,,,,,,0.0,2023-10-25,Indiana Pacers,
,INDWAS,,,,,,,,,,1.0,2023-10-25,Washington Wizards,
,HOUORL,,,,,,,,,,1.0,2023-10-25,Orlando Magic,
,BKNCLE,,,,,,,,,,1.0,2023-10-25,Cleveland Cavaliers,
,ATLCHA,,,,,,,,,,1.0,2023-10-25,Atlanta Hawks,
,ATLCHA,,,,,,,,,,1.0,2023-10-25,Charlotte Hornets,
,CHIOKC,,,,,,,,,,1.0,2023-10-25,Oklahoma City Thunder,
,MINTOR,,,,,,,,,,1.0,2023-10-25,Minnesota Timberwolves,
,HOUORL,,,,,,,,,,1.0,2023-10-25,Houston Rockets,
,DETMIA,,,,,,,,,,1.0,2023-10-25,Detroit Pistons,
,SACUTA,,,,,,,,,,0.0,2023-10-25,Utah Jazz,
,DETMIA,,,,,,,,,,0.0,2023-10-25,Miami Heat,
,CHIOKC,,,,,,,,,,1.0,2023-10-25,Chicago Bulls,
,SACUTA,,,,,,,,,,1.0,2023-10-25,Sacramento Kings,
,LALPHX,,,,,,,,,,1.0,2023-10-26,Phoenix Suns,
,MILPHI,,,,,,,,,,1.0,2023-10-26,Philadelphia 76ers,
,MILPHI,,,,,,,,,,0.0,2023-10-26,Milwaukee Bucks,
,LALPHX,,,,,,,,,,0.0,2023-10-26,Los Angeles Lakers,
,BKNDAL,,,,,,,,,,1.0,2023-10-27,Brooklyn Nets,
,BKNDAL,,,,,,,,,,0.0,2023-10-27,Dallas Mavericks,
,LACUTA,,,,,,,,,,0.0,2023-10-27,Utah Jazz,
,CHITOR,,,,,,,,,,1.0,2023-10-27,Toronto Raptors,
,BOSMIA,,,,,,,,,,0.0,2023-10-27,Boston Celtics,
,BOSMIA,,,,,,,,,,1.0,2023-10-27,Miami Heat,
,ORLPOR,,,,,,,,,,1.0,2023-10-27,Portland Trail Blazers,
,GSWSAC,,,,,,,,,,1.0,2023-10-27,Golden State Warriors,
,CLEOKC,,,,,,,,,,1.0,2023-10-27,Cleveland Cavaliers,
,GSWSAC,,,,,,,,,,1.0,2023-10-27,Sacramento Kings,
,CHADET,,,,,,,,,,1.0,2023-10-27,Detroit Pistons,
,ORLPOR,,,,,,,,,,1.0,2023-10-27,Orlando Magic,
,HOUSAS,,,,,,,,,,1.0,2023-10-27,Houston Rockets,
,HOUSAS,,,,,,,,,,1.0,2023-10-27,San Antonio Spurs,
,CLEOKC,,,,,,,,,,1.0,2023-10-27,Oklahoma City Thunder,
,CHADET,,,,,,,,,,1.0,2023-10-27,Charlotte Hornets,
,LACUTA,,,,,,,,,,1.0,2023-10-27,LA Clippers,
,CHITOR,,,,,,,,,,1.0,2023-10-27,Chicago Bulls,
,DENMEM,,,,,,,,,,1.0,2023-10-27,Denver Nuggets,
,ATLNYK,,,,,,,,,,1.0,2023-10-27,Atlanta Hawks,
,ATLNYK,,,,,,,,,,1.0,2023-10-27,New York Knicks,
,DENMEM,,,,,,,,,,0.0,2023-10-27,Memphis Grizzlies,
,NOPNYK,,,,,,,,,,1.0,2023-10-28,New York Knicks,
,MIAMIN,,,,,,,,,,1.0,2023-10-28,Miami Heat,
,MIAMIN,,,,,,,,,,1.0,2023-10-28,Minnesota Timberwolves,
,NOPNYK,,,,,,,,,,0.0,2023-10-28,New Orleans Pelicans,
,CLEIND,,,,,,,,,,1.0,2023-10-28,Cleveland Cavaliers,
,CLEIND,,,,,,,,,,1.0,2023-10-28,Indiana Pacers,
,PHXUTA,,,,,,,,,,0.0,2023-10-28,Phoenix Suns,
,PHXUTA,,,,,,,,,,1.0,2023-10-28,Utah Jazz,
,CHIDET,,,,,,,,,,1.0,2023-10-28,Detroit Pistons,
,CHIDET,,,,,,,,,,1.0,2023-10-28,Chicago Bulls,
,MEMWAS,,,,,,,,,,1.0,2023-10-28,Washington Wizards,
,PHITOR,,,,,,,,,,0.0,2023-10-28,Toronto Raptors,
,PHITOR,,,,,,,,,,1.0,2023-10-28,Philadelphia 76ers,
,MEMWAS,,,,,,,,,,1.0,2023-10-28,Memphis Grizzlies,
,LALSAC,,,,,,,,,,0.0,2023-10-29,Sacramento Kings,
,LALSAC,,,,,,,,,,1.0,2023-10-29,Los Angeles Lakers,
,GSWHOU,,,,,,,,,,1.0,2023-10-29,Golden State Warriors,
,ATLMIL,,,,,,,,,,0.0,2023-10-29,Milwaukee Bucks,
,GSWHOU,,,,,,,,,,0.0,2023-10-29,Houston Rockets,
,DENOKC,,,,,,,,,,0.0,2023-10-29,Denver Nuggets,
,PHIPOR,,,,,,,,,,0.0,2023-10-29,Philadelphia 76ers,
,LACSAS,,,,,,,,,,0.0,2023-10-29,LA Clippers,
,DENOKC,,,,,,,,,,0.0,2023-10-29,Oklahoma City Thunder,
,PHIPOR,,,,,,,,,,1.0,2023-10-29,Portland Trail Blazers,
,LACSAS,,,,,,,,,,1.0,2023-10-29,San Antonio Spurs,
,ATLMIL,,,,,,,,,,1.0,2023-10-29,Atlanta Hawks,
,DETOKC,,,,,,,,,,1.0,2023-10-30,Oklahoma City Thunder,
,PORTOR,,,,,,,,,,0.0,2023-10-30,Toronto Raptors,
,CHIIND,,,,,,,,,,1.0,2023-10-30,Chicago Bulls,
,DETOKC,,,,,,,,,,1.0,2023-10-30,Detroit Pistons,
,PORTOR,,,,,,,,,,1.0,2023-10-30,Portland Trail Blazers,
,CHIIND,,,,,,,,,,0.0,2023-10-30,Indiana Pacers,
,GSWNOP,,,,,,,,,,0.0,2023-10-30,New Orleans Pelicans,
,DALMEM,,,,,,,,,,0.0,2023-10-30,Dallas Mavericks,
,GSWNOP,,,,,,,,,,1.0,2023-10-30,Golden State Warriors,
,BKNCHA,,,,,,,,,,1.0,2023-10-30,Brooklyn Nets,
,ATLMIN,,,,,,,,,,1.0,2023-10-30,Minnesota Timberwolves,
,DENUTA,,,,,,,,,,0.0,2023-10-30,Denver Nuggets,
,LALORL,,,,,,,,,,0.0,2023-10-30,Los Angeles Lakers,
,LALORL,,,,,,,,,,1.0,2023-10-30,Orlando Magic,
,DENUTA,,,,,,,,,,0.0,2023-10-30,Utah Jazz,
,DALMEM,,,,,,,,,,0.0,2023-10-30,Memphis Grizzlies,
,BOSWAS,,,,,,,,,,1.0,2023-10-30,Washington Wizards,
,BOSWAS,,,,,,,,,,0.0,2023-10-30,Boston Celtics,
,MIAMIL,,,,,,,,,,0.0,2023-10-30,Milwaukee Bucks,
,BKNCHA,,,,,,,,,,1.0,2023-10-30,Charlotte Hornets,
,ATLMIN,,,,,,,,,,0.0,2023-10-30,Atlanta Hawks,
,MIAMIL,,,,,,,,,,1.0,2023-10-30,Miami Heat,
,PHXSAS,,,,,,,,,,1.0,2023-10-31,San Antonio Spurs,
,CLENYK,,,,,,,,,,1.0,2023-10-31,New York Knicks,
,LACORL,,,,,,,,,,0.0,2023-10-31,LA Clippers,
,CLENYK,,,,,,,,,,1.0,2023-10-31,Cleveland Cavaliers,
,PHXSAS,,,,,,,,,,0.0,2023-10-31,Phoenix Suns,
,LACORL,,,,,,,,,,1.0,2023-10-31,Orlando Magic,
,NOPOKC,,,,,,,,,,1.0,2023-11-01,Oklahoma City Thunder,
,CLENYK,,,,,,,,,,1.0,2023-11-01,Cleveland Cavaliers,
,DENMIN,,,,,,,,,,0.0,2023-11-01,Minnesota Timberwolves,
,DENMIN,,,,,,,,,,1.0,2023-11-01,Denver Nuggets,
,CLENYK,,,,,,,,,,1.0,2023-11-01,New York Knicks,
,DETPOR,,,,,,,,,,1.0,2023-11-01,Portland Trail Blazers,
,NOPOKC,,,,,,,,,,1.0,2023-11-01,New Orleans Pelicans,
,LACLAL,,,,,,,,,,0.0,2023-11-01,LA Clippers,
,BOSIND,,,,,,,,,,0.0,2023-11-01,Boston Celtics,
,MEMUTA,,,,,,,,,,0.0,2023-11-01,Utah Jazz,
,ATLWAS,,,,,,,,,,1.0,2023-11-01,Washington Wizards,
,ATLWAS,,,,,,,,,,0.0,2023-11-01,Atlanta Hawks,
,BKNMIA,,,,,,,,,,1.0,2023-11-01,Brooklyn Nets,
,BKNMIA,,,,,,,,,,0.0,2023-11-01,Miami Heat,
,DETPOR,,,,,,,,,,1.0,2023-11-01,Detroit Pistons,
,BOSIND,,,,,,,,,,1.0,2023-11-01,Indiana Pacers,
,MEMUTA,,,,,,,,,,1.0,2023-11-01,Memphis Grizzlies,
,CHAHOU,,,,,,,,,,1.0,2023-11-01,Charlotte Hornets,
,CHAHOU,,,,,,,,,,0.0,2023-11-01,Houston Rockets,
,LACLAL,,,,,,,,,,0.0,2023-11-01,Los Angeles Lakers,
,MILTOR,,,,,,,,,,0.0,2023-11-01,Milwaukee Bucks,
,MILTOR,,,,,,,,,,0.0,2023-11-01,Toronto Raptors,
,CHIDAL,,,,,,,,,,0.0,2023-11-01,Dallas Mavericks,
,CHIDAL,,,,,,,,,,1.0,2023-11-01,Chicago Bulls,
,GSWSAC,,,,,,,,,,0.0,2023-11-01,Golden State Warriors,
,GSWSAC,,,,,,,,,,1.0,2023-11-01,Sacramento Kings,
,ORLUTA,,,,,,,,,,0.0,2023-11-02,Utah Jazz,
,DETNOP,,,,,,,,,,1.0,2023-11-02,Detroit Pistons,
,DETNOP,,,,,,,,,,0.0,2023-11-02,New Orleans Pelicans,
,PHITOR,,,,,,,,,,0.0,2023-11-02,Philadelphia 76ers,
,PHITOR,,,,,,,,,,1.0,2023-11-02,Toronto Raptors,
,PHXSAS,,,,,,,,,,0.0,2023-11-02,Phoenix Suns,
,ORLUTA,,,,,,,,,,1.0,2023-11-02,Orlando Magic,
,PHXSAS,,,,,,,,,,1.0,2023-11-02,San Antonio Spurs,
,MIAWAS,,,,,,,,,,0.0,2023-11-03,Miami Heat,
,MIAWAS,,,,,,,,,,1.0,2023-11-03,Washington Wizards,
,GSWOKC,,,,,,,,,,1.0,2023-11-03,Oklahoma City Thunder,
,MEMPOR,,,,,,,,,,1.0,2023-11-03,Memphis Grizzlies,
,GSWOKC,,,,,,,,,,1.0,2023-11-03,Golden State Warriors,
,MEMPOR,,,,,,,,,,1.0,2023-11-03,Portland Trail Blazers,
,DALDEN,,,,,,,,,,0.0,2023-11-03,Denver Nuggets,
,MILNYK,,,,,,,,,,1.0,2023-11-03,New York Knicks,
,BKNCHI,,,,,,,,,,1.0,2023-11-03,Brooklyn Nets,
,CLEIND,,,,,,,,,,0.0,2023-11-03,Indiana Pacers,
,CLEIND,,,,,,,,,,1.0,2023-11-03,Cleveland Cavaliers,
,MILNYK,,,,,,,,,,0.0,2023-11-03,Milwaukee Bucks,
,BKNCHI,,,,,,,,,,1.0,2023-11-03,Chicago Bulls,
,DALDEN,,,,,,,,,,1.0,2023-11-03,Dallas Mavericks,
,LALORL,,,,,,,,,,1.0,2023-11-04,Orlando Magic,
,CHIDEN,,,,,,,,,,0.0,2023-11-04,Denver Nuggets,
,CHIDEN,,,,,,,,,,1.0,2023-11-04,Chicago Bulls,
,CHAIND,,,,,,,,,,0.0,2023-11-04,Indiana Pacers,
,CHAIND,,,,,,,,,,1.0,2023-11-04,Charlotte Hornets,
,PHIPHX,,,,,,,,,,1.0,2023-11-04,Phoenix Suns,
,PHIPHX,,,,,,,,,,0.0,2023-11-04,Philadelphia 76ers,
,LALORL,,,,,,,,,,1.0,2023-11-04,Los Angeles Lakers,
,HOUSAC,,,,,,,,,,0.0,2023-11-04,Houston Rockets,
,MINUTA,,,,,,,,,,1.0,2023-11-04,Utah Jazz,
,HOUSAC,,,,,,,,,,1.0,2023-11-04,Sacramento Kings,
,MINUTA,,,,,,,,,,0.0,2023-11-04,Minnesota Timberwolves,
,ATLNOP,,,,,,,,,,0.0,2023-11-04,New Orleans Pelicans,
,BKNBOS,,,,,,,,,,0.0,2023-11-04,Brooklyn Nets,
,ATLNOP,,,,,,,,,,1.0,2023-11-04,Atlanta Hawks,
,BKNBOS,,,,,,,,,,0.0,2023-11-04,Boston Celtics,
,DENNOP,,,,,,,,,,0.0,2023-11-06,Denver Nuggets,
,LACNYK,,,,,,,,,,1.0,2023-11-06,New York Knicks,
,LACNYK,,,,,,,,,,1.0,2023-11-06,LA Clippers,
,DALORL,,,,,,,,,,1.0,2023-11-06,Orlando Magic,
,DENNOP,,,,,,,,,,1.0,2023-11-06,New Orleans Pelicans,
,INDSAS,,,,,,,,,,0.0,2023-11-06,Indiana Pacers,
,INDSAS,,,,,,,,,,1.0,2023-11-06,San Antonio Spurs,
,DALORL,,,,,,,,,,0.0,2023-11-06,Dallas Mavericks,
,HOUSAC,,,,,,,,,,0.0,2023-11-06,Houston Rockets,
,HOUSAC,,,,,,,,,,1.0,2023-11-06,Sacramento Kings,
,BOSMIN,,,,,,,,,,0.0,2023-11-06,Boston Celtics,
,LALMIA,,,,,,,,,,0.0,2023-11-06,Miami Heat,
,BOSMIN,,,,,,,,,,0.0,2023-11-06,Minnesota Timberwolves,
,CHIUTA,,,,,,,,,,1.0,2023-11-06,Utah Jazz,
,DETGSW,,,,,,,,,,1.0,2023-11-06,Detroit Pistons,
,PHIWAS,,,,,,,,,,0.0,2023-11-06,Philadelphia 76ers,
,ATLOKC,,,,,,,,,,0.0,2023-11-06,Oklahoma City Thunder,
,LALMIA,,,,,,,,,,1.0,2023-11-06,Los Angeles Lakers,
,ATLOKC,,,,,,,,,,1.0,2023-11-06,Atlanta Hawks,
,DETGSW,,,,,,,,,,1.0,2023-11-06,Golden State Warriors,
,CHIUTA,,,,,,,,,,1.0,2023-11-06,Chicago Bulls,
,BKNMIL,,,,,,,,,,0.0,2023-11-06,Milwaukee Bucks,
,BKNMIL,,,,,,,,,,0.0,2023-11-06,Brooklyn Nets,
,PHIWAS,,,,,,,,,,1.0,2023-11-06,Washington Wizards,
,PORSAC,,,,,,,,,,1.0,2023-11-08,Portland Trail Blazers,
,BKNLAC,,,,,,,,,,1.0,2023-11-08,Brooklyn Nets,
,BOSPHI,,,,,,,,,,0.0,2023-11-08,Boston Celtics,
,BKNLAC,,,,,,,,,,1.0,2023-11-08,LA Clippers,
,PORSAC,,,,,,,,,,1.0,2023-11-08,Sacramento Kings,
,INDUTA,,,,,,,,,,1.0,2023-11-08,Utah Jazz,
,BOSPHI,,,,,,,,,,0.0,2023-11-08,Philadelphia 76ers,
,MEMMIA,,,,,,,,,,1.0,2023-11-08,Miami Heat,
,MEMMIA,,,,,,,,,,1.0,2023-11-08,Memphis Grizzlies,
,INDUTA,,,,,,,,,,0.0,2023-11-08,Indiana Pacers,
,DALTOR,,,,,,,,,,0.0,2023-11-08,Dallas Mavericks,
,CHAWAS,,,,,,,,,,1.0,2023-11-08,Washington Wizards,
,NYKSAS,,,,,,,,,,1.0,2023-11-08,San Antonio Spurs,
,CHIPHX,,,,,,,,,,0.0,2023-11-08,Phoenix Suns,
,CHIPHX,,,,,,,,,,1.0,2023-11-08,Chicago Bulls,
,NYKSAS,,,,,,,,,,0.0,2023-11-08,New York Knicks,
,CHAWAS,,,,,,,,,,1.0,2023-11-08,Charlotte Hornets,
,DETMIL,,,,,,,,,,1.0,2023-11-08,Detroit Pistons,
,DETMIL,,,,,,,,,,1.0,2023-11-08,Milwaukee Bucks,
,MINNOP,,,,,,,,,,0.0,2023-11-08,Minnesota Timberwolves,
,HOULAL,,,,,,,,,,0.0,2023-11-08,Houston Rockets,
,CLEOKC,,,,,,,,,,0.0,2023-11-08,Cleveland Cavaliers,
,HOULAL,,,,,,,,,,1.0,2023-11-08,Los Angeles Lakers,
,DENGSW,,,,,,,,,,0.0,2023-11-08,Denver Nuggets,
,DENGSW,,,,,,,,,,0.0,2023-11-08,Golden State Warriors,
,DALTOR,,,,,,,,,,1.0,2023-11-08,Toronto Raptors,
,CLEOKC,,,,,,,,,,1.0,2023-11-08,Oklahoma City Thunder,
,MINNOP,,,,,,,,,,0.0,2023-11-08,New Orleans Pelicans,
,ATLORL,,,,,,,,,,0.0,2023-11-09,Atlanta Hawks,
,ATLORL,,,,,,,,,,0.0,2023-11-09,Orlando Magic,
,INDMIL,,,,,,,,,,1.0,2023-11-09,Milwaukee Bucks,
,INDMIL,,,,,,,,,,0.0,2023-11-09,Indiana Pacers,
,DETPHI,,,,,,,,,,1.0,2023-11-10,Detroit Pistons,
,CHAWAS,,,,,,,,,,1.0,2023-11-10,Charlotte Hornets,
,OKCSAC,,,,,,,,,,1.0,2023-11-10,Oklahoma City Thunder,
,LALPHX,,,,,,,,,,1.0,2023-11-10,Los Angeles Lakers,
,LALPHX,,,,,,,,,,0.0,2023-11-10,Phoenix Suns,
,CHAWAS,,,,,,,,,,0.0,2023-11-10,Washington Wizards,
,BKNBOS,,,,,,,,,,0.0,2023-11-10,Boston Celtics,
,BKNBOS,,,,,,,,,,1.0,2023-11-10,Brooklyn Nets,
,MINSAS,,,,,,,,,,1.0,2023-11-10,San Antonio Spurs,
,DETPHI,,,,,,,,,,0.0,2023-11-10,Philadelphia 76ers,
,MINSAS,,,,,,,,,,0.0,2023-11-10,Minnesota Timberwolves,
,OKCSAC,,,,,,,,,,0.0,2023-11-10,Sacramento Kings,
,DALLAC,,,,,,,,,,1.0,2023-11-10,Dallas Mavericks,
,DALLAC,,,,,,,,,,0.0,2023-11-10,LA Clippers,
,MEMUTA,,,,,,,,,,0.0,2023-11-10,Memphis Grizzlies,
,MEMUTA,,,,,,,,,,1.0,2023-11-10,Utah Jazz,
,HOUNOP,,,,,,,,,,1.0,2023-11-10,Houston Rockets,
,HOUNOP,,,,,,,,,,0.0,2023-11-10,New Orleans Pelicans,
,ATLMIA,,,,,,,,,,0.0,2023-11-11,Atlanta Hawks,
,ATLMIA,,,,,,,,,,0.0,2023-11-11,Miami Heat,
,MILORL,,,,,,,,,,0.0,2023-11-11,Milwaukee Bucks,
,MILORL,,,,,,,,,,1.0,2023-11-11,Orlando Magic,
,CLEGSW,,,,,,,,,,0.0,2023-11-11,Golden State Warriors,
,CLEGSW,,,,,,,,,,1.0,2023-11-11,Cleveland Cavaliers,
,BOSTOR,,,,,,,,,,0.0,2023-11-11,Boston Celtics,
,BOSTOR,,,,,,,,,,1.0,2023-11-11,Toronto Raptors,
Away,LALPOR,0.0281786941580756,0.045045045045045,-0.1172161172161172,0.0410144021899523,0.0558991981672394,5.532646048109964,12.857402376661868,20.353638597890622,11.18050264798184,1.0,2023-11-12,Portland Trail Blazers,POR
Away,LACMEM,-0.0140664961636828,-0.1156186612576065,0.2095238095238095,0.0181525419619694,-0.0413043478260869,-5.370843989769817,5.983384980549872,-7.417419397375895,5.575159066213402,1.0,2023-11-12,Memphis Grizzlies,MEM
Home,OKCPHX,-0.0901936326918507,-0.0493827160493827,0.011111111111111,-0.0914805823002151,-0.1006177239249228,-2.02542171537182,-22.83844897971745,-31.99317862523064,-21.3134799925882,0.0,2023-11-12,Phoenix Suns,PHX
Home,MIASAS,-0.0181555153707052,-0.0816925010473397,-0.0308529945553539,-0.0414006704051661,-0.0261482820976491,-9.280289330922244,-2.5627340474949136,1.46684512516606,-0.3533704556412544,0.0,2023-11-12,San Antonio Spurs,SAS
Away,MIASAS,0.0181555153707052,0.0816925010473397,0.0308529945553539,0.0414006704051661,0.0261482820976491,9.280289330922244,2.5627340474949136,-1.46684512516606,0.3533704556412544,1.0,2023-11-12,Miami Heat,MIA
Away,OKCPHX,0.0901936326918507,0.0493827160493827,-0.011111111111111,0.0914805823002151,0.1006177239249228,2.02542171537182,22.83844897971745,31.99317862523064,21.3134799925882,1.0,2023-11-12,Oklahoma City Thunder,OKC
Home,GSWMIN,0.0015640938456307,0.0341463414634146,-0.2001114827201784,-0.0054831874570323,0.014858891533492,2.25433526011561,-3.025194415560378,1.531677125984274,-3.176974922737827,0.0,2023-11-12,Golden State Warriors,GSW
Home,CHANYK,0.0106942496493688,0.0825396825396825,-0.09846547314578,0.0091266982827132,0.0194892473118279,7.865825151940161,-0.3861794101833027,4.311538046167641,0.431244723059919,0.0,2023-11-12,New York Knicks,NYK
Away,DENHOU,-0.0477527301311024,-0.0311533362792753,0.1176470588235294,-0.056867906186538,-0.0704079054490328,-8.730804862300328,-5.03394337774985,-12.661742212347406,-3.1470808318504027,0.0,2023-11-12,Denver Nuggets,DEN
Home,DENHOU,0.0477527301311024,0.0311533362792753,-0.1176470588235294,0.056867906186538,0.0704079054490328,8.730804862300328,5.03394337774985,12.661742212347406,3.1470808318504027,1.0,2023-11-12,Houston Rockets,HOU
Away,GSWMIN,-0.0015640938456307,-0.0341463414634146,0.2001114827201784,0.0054831874570323,-0.014858891533492,-2.25433526011561,3.025194415560378,-1.531677125984274,3.176974922737827,1.0,2023-11-12,Minnesota Timberwolves,MIN
Home,LALPOR,-0.0281786941580756,-0.045045045045045,0.1172161172161172,-0.0410144021899523,-0.0558991981672394,-5.532646048109964,-12.857402376661868,-20.353638597890622,-11.18050264798184,0.0,2023-11-12,Los Angeles Lakers,LAL
Away,DALNOP,0.0761746207917128,0.1335511982570806,0.0846253229974161,0.0719880220301718,0.0724380318165001,11.143174250832406,5.941952757026542,8.578897324977206,5.36629346202875,1.0,2023-11-12,Dallas Mavericks,DAL
Away,CHANYK,-0.0106942496493688,-0.0825396825396825,0.09846547314578,-0.0091266982827132,-0.0194892473118279,-7.865825151940161,0.3861794101833027,-4.311538046167641,-0.431244723059919,1.0,2023-11-12,Charlotte Hornets,CHA
Home,BKNWAS,-0.0235294117647059,-0.0583441981747066,-0.1740740740740741,-0.0476593866567954,-0.0411764705882353,-1.1764705882352935,-8.313517197442792,-7.198442859153587,-10.229558266808937,0.0,2023-11-12,Brooklyn Nets,BKN
Away,BKNWAS,0.0235294117647059,0.0583441981747066,0.1740740740740741,0.0476593866567954,0.0411764705882353,1.1764705882352935,8.313517197442792,7.198442859153587,10.229558266808937,1.0,2023-11-12,Washington Wizards,WAS
Home,CHIDET,-0.0762735716296088,0.0453216374269005,-0.054054054054054,-0.0467304173956342,-0.0483785220627325,5.6102823904681465,-18.85506346677564,-22.972193587425224,-18.93783025781657,0.0,2023-11-12,Chicago Bulls,CHI
Away,INDPHI,0.0344974187670816,0.1052215189873417,0.0432653061224489,0.0609198295894656,0.0596264804129973,-3.823261463710903,14.829883096082725,11.306898977652054,14.958908204879576,1.0,2023-11-12,Indiana Pacers,IND
Home,INDPHI,-0.0344974187670816,-0.1052215189873417,-0.0432653061224489,-0.0609198295894656,-0.0596264804129973,3.823261463710903,-14.829883096082725,-11.306898977652054,-14.958908204879576,0.0,2023-11-12,Philadelphia 76ers,PHI
Away,CHIDET,0.0762735716296088,-0.0453216374269005,0.054054054054054,0.0467304173956342,0.0483785220627325,-5.6102823904681465,18.85506346677564,22.972193587425224,18.93783025781657,1.0,2023-11-12,Detroit Pistons,DET
Home,DALNOP,-0.0761746207917128,-0.1335511982570806,-0.0846253229974161,-0.0719880220301718,-0.0724380318165001,-11.143174250832406,-5.941952757026542,-8.578897324977206,-5.36629346202875,0.0,2023-11-12,New Orleans Pelicans,NOP
Home,LACMEM,0.0140664961636828,0.1156186612576065,-0.2095238095238095,-0.0181525419619694,0.0413043478260869,5.370843989769817,-5.983384980549872,7.417419397375895,-5.575159066213402,0.0,2023-11-12,LA Clippers,LAC
Home,TORWAS,-0.0804532255309457,-0.028169014084507,-0.0769656699889258,-0.0813355609805623,-0.0817200933781244,-4.2276376473267625,-21.162464645853674,-33.6314980260331,-22.03637331993366,0.0,2023-11-13,Toronto Raptors,TOR
Home,CLESAC,0.0085679314565483,-0.0128205128205128,-0.0071428571428571,-0.061836966457081,-0.0393206854345166,-11.566707466340269,-10.01742160278745,-10.791715060007732,-9.090721796563912,0.0,2023-11-13,Sacramento Kings,SAC
Away,CHIMIL,0.0145218105620762,-0.0399378399378399,-0.0408067542213884,0.0136488262009467,0.0113612631051334,-1.2697882293972675,2.9711995924157293,0.5801047784772351,3.614538503449225,1.0,2023-11-13,Chicago Bulls,CHI
Home,CHIMIL,-0.0145218105620762,0.0399378399378399,0.0408067542213884,-0.0136488262009467,-0.0113612631051334,1.2697882293972675,-2.9711995924157293,-0.5801047784772351,-3.614538503449225,0.0,2023-11-13,Milwaukee Bucks,MIL
Home,BOSNYK,0.0423655913978494,-0.0120868649380611,-0.0915686274509802,0.0192991618791812,0.026594982078853,-3.49462365591398,0.6503620219052095,-5.635945016071474,-1.1227327089319914,0.0,2023-11-13,Boston Celtics,BOS
Away,BOSNYK,-0.0423655913978494,0.0120868649380611,0.0915686274509802,-0.0192991618791812,-0.026594982078853,3.49462365591398,-0.6503620219052095,5.635945016071474,1.1227327089319914,0.0,2023-11-13,New York Knicks,NYK
Away,CLESAC,-0.0085679314565483,0.0128205128205128,0.0071428571428571,0.061836966457081,0.0393206854345166,11.566707466340269,10.01742160278745,10.791715060007732,9.090721796563912,1.0,2023-11-13,Cleveland Cavaliers,CLE
Away,TORWAS,0.0804532255309457,0.028169014084507,0.0769656699889258,0.0813355609805623,0.0817200933781244,4.2276376473267625,21.162464645853674,33.6314980260331,22.03637331993366,1.0,2023-11-13,Washington Wizards,WAS
Home,LALSAC,-0.0200685760387253,-0.0379697791553661,0.0118881118881118,-0.0116753938517005,-0.0127499567798075,1.665418083328536,1.1473509397123678,3.132215631429119,0.4515780637789106,1.0,2023-11-15,Los Angeles Lakers,LAL
Away,CHIORL,-0.0467269439421338,-0.1731601731601731,-0.0144124168514412,-0.0814107572232714,-0.0871609403254973,-5.869801084990954,-6.282283959234974,-4.337341346974185,-6.46788550231237,0.0,2023-11-15,Orlando Magic,ORL
Home,CHIORL,0.0467269439421338,0.1731601731601731,0.0144124168514412,0.0814107572232714,0.0871609403254973,5.869801084990954,6.282283959234974,4.337341346974185,6.46788550231237,1.0,2023-11-15,Chicago Bulls,CHI
Away,CLEPOR,0.0184384903486026,0.0151515151515151,-0.0155728587319243,0.0428249093907616,0.049625468164794,-9.665802362431574,-6.034292322885818,-20.77485836062165,-4.282376932423659,0.0,2023-11-15,Cleveland Cavaliers,CLE
Home,CLEPOR,-0.0184384903486026,-0.0151515151515151,0.0155728587319243,-0.0428249093907616,-0.049625468164794,9.665802362431574,6.034292322885818,20.77485836062165,4.282376932423659,1.0,2023-11-15,Portland Trail Blazers,POR
Away,BOSPHI,-0.0113306390833103,-0.0285253873119982,0.0451443304180779,-0.0193935397586357,-0.0333036605586255,-4.523723525580689,-2.6535448736027263,-7.644877293853241,-3.249400516646645,0.0,2023-11-15,Boston Celtics,BOS
Away,DALWAS,0.0578626799557032,0.0170212765957447,0.3309523809523809,0.0575972316760561,0.024640088593577,7.668881506090809,6.25336128458693,8.095698026112586,10.04533215671698,1.0,2023-11-15,Dallas Mavericks,DAL
Away,LALSAC,0.0200685760387253,0.0379697791553661,-0.0118881118881118,0.0116753938517005,0.0127499567798075,-1.665418083328536,-1.1473509397123678,-3.132215631429119,-0.4515780637789106,0.0,2023-11-15,Sacramento Kings,SAC
Home,ATLNYK,0.0233781873396513,0.0756224451876625,-0.0447761194029849,0.0489580195135768,0.0579218807267396,-1.0314676161055587,5.094726606760659,1.5525064633010146,5.220900324107291,1.0,2023-11-15,Atlanta Hawks,ATL
Away,MILTOR,0.0146179938620577,-0.0559948877705887,0.1184269662921349,-0.0178786351695128,-0.004670758628116,-1.1979755559144998,6.151045804348144,17.822023217166887,10.3268429623719,1.0,2023-11-15,Milwaukee Bucks,MIL
Home,MILTOR,-0.0146179938620577,0.0559948877705887,-0.1184269662921349,0.0178786351695128,0.004670758628116,1.1979755559144998,-6.151045804348144,-17.822023217166887,-10.3268429623719,0.0,2023-11-15,Toronto Raptors,TOR
Home,DALWAS,-0.0578626799557032,-0.0170212765957447,-0.3309523809523809,-0.0575972316760561,-0.024640088593577,-7.668881506090809,-6.25336128458693,-8.095698026112586,-10.04533215671698,0.0,2023-11-15,Washington Wizards,WAS
Home,BOSPHI,0.0113306390833103,0.0285253873119982,-0.0451443304180779,0.0193935397586357,0.0333036605586255,4.523723525580689,2.6535448736027263,7.644877293853241,3.249400516646645,1.0,2023-11-15,Philadelphia 76ers,PHI
Away,MINPHX,0.0028095892502672,0.0027605244996549,-0.0022675736961451,0.0030803581542216,-0.0056497175141242,2.0705451213925805,9.08679567816867,17.62644621559373,7.659761591938391,1.0,2023-11-15,Minnesota Timberwolves,MIN
Home,MINPHX,-0.0028095892502672,-0.0027605244996549,0.0022675736961451,-0.0030803581542216,0.0056497175141242,-2.0705451213925805,-9.08679567816867,-17.62644621559373,-7.659761591938391,0.0,2023-11-15,Phoenix Suns,PHX
Away,ATLNYK,-0.0233781873396513,-0.0756224451876625,0.0447761194029849,-0.0489580195135768,-0.0579218807267396,1.0314676161055587,-5.094726606760659,-1.5525064633010146,-5.220900324107291,0.0,2023-11-15,New York Knicks,NYK
Away,BKNMIA,-0.0347345058905984,-0.054671868747499,-0.0357643758765778,-0.0720627099531743,-0.0587349397590361,-5.262323532356579,-12.009499923305768,-13.84939899169973,-11.990018004575674,0.0,2023-11-16,Brooklyn Nets,BKN
Home,GSWOKC,-0.0581974637681159,-0.1304768041237113,0.0564671814671814,-0.0922133305389982,-0.1182065217391304,-11.5036231884058,-19.630701021272543,-42.218447886365766,-20.271572014661444,0.0,2023-11-16,Golden State Warriors,GSW
Away,GSWOKC,0.0581974637681159,0.1304768041237113,-0.0564671814671814,0.0922133305389982,0.1182065217391304,11.5036231884058,19.630701021272543,42.218447886365766,20.271572014661444,1.0,2023-11-16,Oklahoma City Thunder,OKC
Home,BKNMIA,0.0347345058905984,0.054671868747499,0.0357643758765778,0.0720627099531743,0.0587349397590361,5.262323532356579,12.009499923305768,13.84939899169973,11.990018004575674,1.0,2023-11-16,Miami Heat,MIA
Away,ATLPHI,0.0513513513513513,-0.0557366362451108,-0.0488534396809572,0.0329217336885897,0.0498498498498498,2.3873873873873848,2.0101128961192103,2.014196097439523,2.3303071090143703,1.0,2023-11-17,Philadelphia 76ers,PHI
Home,ATLPHI,-0.0513513513513513,0.0557366362451108,0.0488534396809572,-0.0329217336885897,-0.0498498498498498,-2.3873873873873848,-2.0101128961192103,-2.014196097439523,-2.3303071090143703,0.0,2023-11-17,Atlanta Hawks,ATL
Away,PHXUTA,0.0310299869621903,0.0701040253279059,-0.2533333333333334,0.0181267918836336,0.0503694046066927,1.4341590612777004,-6.523043273324134,-13.292476399671358,-8.503825158212408,0.0,2023-11-17,Phoenix Suns,PHX
Home,PHXUTA,-0.0310299869621903,-0.0701040253279059,0.2533333333333334,-0.0181267918836336,-0.0503694046066927,-1.4341590612777004,6.523043273324134,13.292476399671358,8.503825158212408,1.0,2023-11-17,Utah Jazz,UTA
Away,SACSAS,-0.0115127010092904,-0.0259649122807017,-0.1287878787878787,-0.0416469801438572,-0.0232414580696935,4.117411031204664,-12.964510010396625,-7.979765485336699,-13.069583153688598,0.0,2023-11-17,Sacramento Kings,SAC
Home,SACSAS,0.0115127010092904,0.0259649122807017,0.1287878787878787,0.0416469801438572,0.0232414580696935,-4.117411031204664,12.964510010396625,7.979765485336699,13.069583153688598,1.0,2023-11-17,San Antonio Spurs,SAS
Home,CHAMIL,0.0790749203711397,0.1666666666666666,-0.0951417004048582,0.0870430733452364,0.1226284448137376,11.674283340257578,7.805837192157426,15.463087053352396,6.316271051256038,1.0,2023-11-17,Charlotte Hornets,CHA
Home,BOSTOR,-0.0285045948203842,0.0467485765657776,0.0758258258258258,0.0103020339225552,0.0046449456975772,4.5680868838763615,6.093424820516603,12.998355176876911,6.315370363709192,1.0,2023-11-17,Toronto Raptors,TOR
Home,LALPOR,0.0271110708571083,-0.1017493179264965,-0.0350877192982456,-0.0145260756707916,-0.021405065966247,-1.90200163028711,-4.082250863977663,-5.339410510052815,-3.27162785908385,0.0,2023-11-17,Portland Trail Blazers,POR
Away,LALPOR,-0.0271110708571083,0.1017493179264965,0.0350877192982456,0.0145260756707916,0.021405065966247,1.90200163028711,4.082250863977663,5.339410510052815,3.27162785908385,1.0,2023-11-17,Los Angeles Lakers,LAL
Home,HOULAC,-0.0556810631229235,-0.0839980059820538,0.0286041189931349,-0.0613448147392781,-0.0777906976744186,-2.468438538205984,-14.931073337674732,-24.150668044521097,-14.467343514296417,0.0,2023-11-17,LA Clippers,LAC
Away,BOSTOR,0.0285045948203842,-0.0467485765657776,-0.0758258258258258,-0.0103020339225552,-0.0046449456975772,-4.5680868838763615,-6.093424820516603,-12.998355176876911,-6.315370363709192,0.0,2023-11-17,Boston Celtics,BOS
Home,DENNOP,0.0209907954800568,-0.0108173076923077,-0.1008687258687258,0.0038003756300267,0.0318042355758437,3.363765621492174,-5.900060459507671,0.8672190020188282,-5.129177537285585,0.0,2023-11-17,New Orleans Pelicans,NOP
Away,DENNOP,-0.0209907954800568,0.0108173076923077,0.1008687258687258,-0.0038003756300267,-0.0318042355758437,-3.363765621492174,5.900060459507671,-0.8672190020188282,5.129177537285585,1.0,2023-11-17,Denver Nuggets,DEN
Away,HOULAC,0.0556810631229235,0.0839980059820538,-0.0286041189931349,0.0613448147392781,0.0777906976744186,2.468438538205984,14.931073337674732,24.150668044521097,14.467343514296417,1.0,2023-11-17,Houston Rockets,HOU
Away,CLEDET,0.1054931335830212,0.0833333333333333,-0.0930232558139535,0.0927370158409885,0.1184630323207102,9.689277292273548,25.9530663603736,41.66698807200507,26.017006732250493,1.0,2023-11-17,Detroit Pistons,DET
Home,CHIORL,0.0467269439421338,0.1731601731601731,0.0144124168514412,0.0814107572232714,0.0871609403254973,5.869801084990954,6.282283959234974,4.337341346974185,6.46788550231237,1.0,2023-11-17,Chicago Bulls,CHI
Away,CHAMIL,-0.0790749203711397,-0.1666666666666666,0.0951417004048582,-0.0870430733452364,-0.1226284448137376,-11.674283340257578,-7.805837192157426,-15.463087053352396,-6.316271051256038,0.0,2023-11-17,Milwaukee Bucks,MIL
Away,NYKWAS,-0.0313447927199191,0.0272654370489173,0.1763717805151176,0.0204016807882493,0.0073306370070779,5.434782608695652,-5.080888539712902,-5.5879846928395125,-1.9391182180847293,0.0,2023-11-17,New York Knicks,NYK
Home,NYKWAS,0.0313447927199191,-0.0272654370489173,-0.1763717805151176,-0.0204016807882493,-0.0073306370070779,-5.434782608695652,5.080888539712902,5.5879846928395125,1.9391182180847293,1.0,2023-11-17,Washington Wizards,WAS
Away,CHIORL,-0.0467269439421338,-0.1731601731601731,-0.0144124168514412,-0.0814107572232714,-0.0871609403254973,-5.869801084990954,-6.282283959234974,-4.337341346974185,-6.46788550231237,0.0,2023-11-17,Orlando Magic,ORL
Home,CLEDET,-0.1054931335830212,-0.0833333333333333,0.0930232558139535,-0.0927370158409885,-0.1184630323207102,-9.689277292273548,-25.9530663603736,-41.66698807200507,-26.017006732250493,0.0,2023-11-17,Cleveland Cavaliers,CLE
Home,CHANYK,0.0003840245775729,0.1515837104072397,0.080952380952381,0.0401947995069791,0.0345622119815668,7.834101382488477,13.668207424526926,17.420521844182105,13.28773132254274,1.0,2023-11-18,Charlotte Hornets,CHA
Away,CHIMIA,0.135670731707317,0.2297297297297297,0.2083333333333333,0.1489000410816436,0.1809451219512194,14.45121951219512,20.810739514025272,40.257126387208174,24.39591431969557,1.0,2023-11-18,Miami Heat,MIA
Home,CHIMIA,-0.135670731707317,-0.2297297297297297,-0.2083333333333333,-0.1489000410816436,-0.1809451219512194,-14.45121951219512,-20.810739514025272,-40.257126387208174,-24.39591431969557,0.0,2023-11-18,Chicago Bulls,CHI
Away,DALMIL,0.0456395348837209,0.044825313117996,0.0933333333333332,0.0376783044169654,0.0382267441860464,3.8081395348837255,9.702241552358643,26.06641017062566,12.962223974529692,1.0,2023-11-18,Dallas Mavericks,DAL
Away,GSWOKC,0.0581974637681159,0.1304768041237113,-0.0564671814671814,0.0922133305389982,0.1182065217391304,11.5036231884058,19.630701021272543,42.218447886365766,20.271572014661444,1.0,2023-11-18,Oklahoma City Thunder,OKC
Home,GSWOKC,-0.0581974637681159,-0.1304768041237113,0.0564671814671814,-0.0922133305389982,-0.1182065217391304,-11.5036231884058,-19.630701021272543,-42.218447886365766,-20.271572014661444,0.0,2023-11-18,Golden State Warriors,GSW
Away,MEMSAS,-0.058711926981848,-0.0404494382022472,0.0248868778280542,-0.0314070222996263,-0.0474310327145933,5.49430827607425,-5.666860581273724,-6.324093542697,-6.200669953453115,0.0,2023-11-18,Memphis Grizzlies,MEM
Home,MEMSAS,0.058711926981848,0.0404494382022472,-0.0248868778280542,0.0314070222996263,0.0474310327145933,-5.49430827607425,5.666860581273724,6.324093542697,6.200669953453115,1.0,2023-11-18,San Antonio Spurs,SAS
Away,MINNOP,-0.0391383716684921,0.0149802148106274,-0.0145833333333332,-0.0291053624777677,-0.0334976268711207,3.464768163563349,-4.893859888237699,0.5238857843805391,-4.9479154999567925,0.0,2023-11-18,Minnesota Timberwolves,MIN
Home,MINNOP,0.0391383716684921,-0.0149802148106274,0.0145833333333332,0.0291053624777677,0.0334976268711207,-3.464768163563349,4.893859888237699,-0.5238857843805391,4.9479154999567925,1.0,2023-11-18,New Orleans Pelicans,NOP
Home,DALMIL,-0.0456395348837209,-0.044825313117996,-0.0933333333333332,-0.0376783044169654,-0.0382267441860464,-3.8081395348837255,-9.702241552358643,-26.06641017062566,-12.962223974529692,0.0,2023-11-18,Milwaukee Bucks,MIL
Away,CHANYK,-0.0003840245775729,-0.1515837104072397,-0.080952380952381,-0.0401947995069791,-0.0345622119815668,-7.834101382488477,-13.668207424526926,-17.420521844182105,-13.28773132254274,0.0,2023-11-18,New York Knicks,NYK
