Date,MATCHUP_ID,TEAM_NAME,XGBoost_PREDICTION,Decision Tree_PREDICTION,Random Forest_PREDICTION,Gradient Boosting_PREDICTION,AdaBoost_PREDICTION,Home_Away,FG_PCT_DIFF,FG3_PCT_DIFF,FT_PCT_DIFF,TS%_DIFF,eFG%_DIFF,AST%_DIFF,ORtg_DIFF,PER%_DIFF,DRtg_Oliver_DIFF,PREDICTION,TEAM_ABBREVIATION,date_prediction_recorded
2023-10-25,INDWAS,Indiana Pacers,0,0,0,0,0,,,,,,,,,,,,,
2023-10-25,MEMNOP,New Orleans Pelicans,0,0,0,0,0,,,,,,,,,,,,,
2023-10-25,MEMNOP,Memphis Grizzlies,0,0,0,0,0,,,,,,,,,,,,,
2023-10-25,HOUORL,Houston Rockets,0,0,0,0,0,,,,,,,,,,,,,
2023-10-25,DETMIA,Miami Heat,0,0,0,0,0,,,,,,,,,,,,,
2023-10-25,BKNCLE,Cleveland Cavaliers,0,0,0,0,0,,,,,,,,,,,,,
2023-10-25,DALSAS,San Antonio Spurs,0,0,0,0,0,,,,,,,,,,,,,
2023-10-25,DALSAS,Dallas Mavericks,0,0,0,0,0,,,,,,,,,,,,,
2023-10-25,ATLCHA,Atlanta Hawks,0,0,0,0,0,,,,,,,,,,,,,
2023-10-25,CHIOKC,Chicago Bulls,0,0,0,0,0,,,,,,,,,,,,,
2023-10-25,BKNCLE,Brooklyn Nets,0,0,0,0,0,,,,,,,,,,,,,
2023-10-25,MINTOR,Minnesota Timberwolves,0,0,0,0,0,,,,,,,,,,,,,
2023-10-25,MINTOR,Toronto Raptors,0,0,0,0,0,,,,,,,,,,,,,
2023-10-25,CHIOKC,Oklahoma City Thunder,0,0,0,0,0,,,,,,,,,,,,,
2023-10-25,HOUORL,Orlando Magic,0,0,0,0,0,,,,,,,,,,,,,
2023-10-25,SACUTA,Utah Jazz,0,0,0,0,0,,,,,,,,,,,,,
2023-10-25,ATLCHA,Charlotte Hornets,0,0,0,0,0,,,,,,,,,,,,,
2023-10-25,LACPOR,Portland Trail Blazers,0,0,0,0,0,,,,,,,,,,,,,
2023-10-25,LACPOR,LA Clippers,0,0,0,0,0,,,,,,,,,,,,,
2023-10-25,SACUTA,Sacramento Kings,0,0,0,0,0,,,,,,,,,,,,,
2023-10-25,BOSNYK,Boston Celtics,0,0,0,0,0,,,,,,,,,,,,,
2023-10-25,INDWAS,Washington Wizards,0,0,0,0,0,,,,,,,,,,,,,
2023-10-25,BOSNYK,New York Knicks,0,0,0,0,0,,,,,,,,,,,,,
2023-10-25,DETMIA,Detroit Pistons,0,0,0,0,0,,,,,,,,,,,,,
2023-10-26,MILPHI,Philadelphia 76ers,0,1,0,0,0,,,,,,,,,,,,,
2023-10-26,MILPHI,Milwaukee Bucks,0,1,0,0,0,,,,,,,,,,,,,
2023-10-26,LALPHX,Los Angeles Lakers,0,1,0,0,0,,,,,,,,,,,,,
2023-10-26,LALPHX,Phoenix Suns,0,0,0,0,0,,,,,,,,,,,,,
2023-10-27,ATLNYK,Atlanta Hawks,0,0,0,0,0,,,,,,,,,,,,,
2023-10-27,LACUTA,Utah Jazz,0,0,0,0,0,,,,,,,,,,,,,
2023-10-27,ORLPOR,Portland Trail Blazers,0,0,0,0,0,,,,,,,,,,,,,
2023-10-27,HOUSAS,Houston Rockets,0,0,0,0,0,,,,,,,,,,,,,
2023-10-27,DENMEM,Denver Nuggets,0,0,0,0,0,,,,,,,,,,,,,
2023-10-27,DENMEM,Memphis Grizzlies,0,0,0,0,0,,,,,,,,,,,,,
2023-10-27,LACUTA,LA Clippers,0,0,0,0,0,,,,,,,,,,,,,
2023-10-27,HOUSAS,San Antonio Spurs,0,0,0,0,0,,,,,,,,,,,,,
2023-10-27,ORLPOR,Orlando Magic,0,0,0,0,0,,,,,,,,,,,,,
2023-10-27,GSWSAC,Golden State Warriors,0,0,0,0,0,,,,,,,,,,,,,
2023-10-27,CHITOR,Chicago Bulls,0,0,0,0,0,,,,,,,,,,,,,
2023-10-27,BOSMIA,Miami Heat,0,0,0,0,0,,,,,,,,,,,,,
2023-10-27,CHITOR,Toronto Raptors,0,0,0,0,0,,,,,,,,,,,,,
2023-10-27,BKNDAL,Brooklyn Nets,0,0,0,0,0,,,,,,,,,,,,,
2023-10-27,BOSMIA,Boston Celtics,0,0,0,0,0,,,,,,,,,,,,,
2023-10-27,CLEOKC,Oklahoma City Thunder,0,0,0,0,0,,,,,,,,,,,,,
2023-10-27,GSWSAC,Sacramento Kings,0,0,0,0,0,,,,,,,,,,,,,
2023-10-27,CHADET,Charlotte Hornets,0,0,0,0,0,,,,,,,,,,,,,
2023-10-27,ATLNYK,New York Knicks,0,0,0,0,0,,,,,,,,,,,,,
2023-10-27,BKNDAL,Dallas Mavericks,0,0,0,0,0,,,,,,,,,,,,,
2023-10-27,CHADET,Detroit Pistons,0,0,0,0,0,,,,,,,,,,,,,
2023-10-27,CLEOKC,Cleveland Cavaliers,0,0,0,0,0,,,,,,,,,,,,,
2023-10-28,PHXUTA,Utah Jazz,0,1,0,0,0,,,,,,,,,,,,,
2023-10-28,NOPNYK,New Orleans Pelicans,0,1,0,0,0,,,,,,,,,,,,,
2023-10-28,CHIDET,Detroit Pistons,0,0,0,0,0,,,,,,,,,,,,,
2023-10-28,CHIDET,Chicago Bulls,0,0,0,0,0,,,,,,,,,,,,,
2023-10-28,NOPNYK,New York Knicks,0,0,0,0,0,,,,,,,,,,,,,
2023-10-28,PHXUTA,Phoenix Suns,0,1,0,0,0,,,,,,,,,,,,,
2023-10-28,MEMWAS,Washington Wizards,0,0,0,0,0,,,,,,,,,,,,,
2023-10-28,PHITOR,Philadelphia 76ers,0,1,0,0,0,,,,,,,,,,,,,
2023-10-28,CLEIND,Indiana Pacers,0,0,0,0,0,,,,,,,,,,,,,
2023-10-28,CLEIND,Cleveland Cavaliers,0,0,0,0,0,,,,,,,,,,,,,
2023-10-28,MIAMIN,Miami Heat,0,0,0,0,0,,,,,,,,,,,,,
2023-10-28,MIAMIN,Minnesota Timberwolves,0,1,0,0,0,,,,,,,,,,,,,
2023-10-28,MEMWAS,Memphis Grizzlies,0,0,0,0,0,,,,,,,,,,,,,
2023-10-28,PHITOR,Toronto Raptors,0,1,0,0,0,,,,,,,,,,,,,
2023-10-29,ATLMIL,Milwaukee Bucks,0,1,0,0,0,,,,,,,,,,,,,
2023-10-29,GSWHOU,Golden State Warriors,0,0,0,0,0,,,,,,,,,,,,,
2023-10-29,ATLMIL,Atlanta Hawks,0,0,0,0,0,,,,,,,,,,,,,
2023-10-29,PHIPOR,Portland Trail Blazers,0,0,0,0,0,,,,,,,,,,,,,
2023-10-29,GSWHOU,Houston Rockets,0,1,0,0,0,,,,,,,,,,,,,
2023-10-29,DENOKC,Oklahoma City Thunder,0,0,0,0,0,,,,,,,,,,,,,
2023-10-29,DENOKC,Denver Nuggets,0,0,0,0,0,,,,,,,,,,,,,
2023-10-29,LACSAS,LA Clippers,0,1,0,0,0,,,,,,,,,,,,,
2023-10-29,LACSAS,San Antonio Spurs,0,0,0,0,0,,,,,,,,,,,,,
2023-10-29,LALSAC,Los Angeles Lakers,0,0,0,0,0,,,,,,,,,,,,,
2023-10-29,LALSAC,Sacramento Kings,0,0,0,0,0,,,,,,,,,,,,,
2023-10-29,PHIPOR,Philadelphia 76ers,0,1,0,0,0,,,,,,,,,,,,,
2023-10-30,CHIIND,Chicago Bulls,0,0,0,0,0,,,,,,,,,,,,,
2023-10-30,CHIIND,Indiana Pacers,0,0,0,0,0,,,,,,,,,,,,,
2023-10-30,ATLMIN,Atlanta Hawks,0,0,0,0,0,,,,,,,,,,,,,
2023-10-30,DETOKC,Oklahoma City Thunder,0,0,0,0,0,,,,,,,,,,,,,
2023-10-30,DETOKC,Detroit Pistons,0,0,0,0,0,,,,,,,,,,,,,
2023-10-30,DENUTA,Denver Nuggets,0,0,0,0,0,,,,,,,,,,,,,
2023-10-30,DALMEM,Dallas Mavericks,0,0,0,0,0,,,,,,,,,,,,,
2023-10-30,DENUTA,Utah Jazz,0,0,0,0,0,,,,,,,,,,,,,
2023-10-30,BKNCHA,Charlotte Hornets,0,0,0,0,0,,,,,,,,,,,,,
2023-10-30,BKNCHA,Brooklyn Nets,0,0,0,0,0,,,,,,,,,,,,,
2023-10-30,DALMEM,Memphis Grizzlies,0,0,0,0,0,,,,,,,,,,,,,
2023-10-30,GSWNOP,New Orleans Pelicans,0,0,0,0,0,,,,,,,,,,,,,
2023-10-30,BOSWAS,Washington Wizards,0,0,0,0,0,,,,,,,,,,,,,
2023-10-30,LALORL,Los Angeles Lakers,0,0,0,0,0,,,,,,,,,,,,,
2023-10-30,LALORL,Orlando Magic,0,0,0,0,0,,,,,,,,,,,,,
2023-10-30,MIAMIL,Milwaukee Bucks,0,0,0,0,0,,,,,,,,,,,,,
2023-10-30,MIAMIL,Miami Heat,0,0,0,0,0,,,,,,,,,,,,,
2023-10-30,ATLMIN,Minnesota Timberwolves,0,0,0,0,0,,,,,,,,,,,,,
2023-10-30,PORTOR,Portland Trail Blazers,0,0,0,0,0,,,,,,,,,,,,,
2023-10-30,BOSWAS,Boston Celtics,0,0,0,0,0,,,,,,,,,,,,,
2023-10-30,PORTOR,Toronto Raptors,0,0,0,0,0,,,,,,,,,,,,,
2023-10-30,GSWNOP,Golden State Warriors,0,0,0,0,0,,,,,,,,,,,,,
2023-10-31,LACORL,Orlando Magic,0,0,0,0,0,,,,,,,,,,,,,
2023-10-31,CLENYK,New York Knicks,0,0,0,0,0,,,,,,,,,,,,,
2023-10-31,PHXSAS,San Antonio Spurs,0,0,0,0,0,,,,,,,,,,,,,
2023-10-31,PHXSAS,Phoenix Suns,0,0,0,0,0,,,,,,,,,,,,,
2023-10-31,LACORL,LA Clippers,0,0,0,0,0,,,,,,,,,,,,,
2023-10-31,CLENYK,Cleveland Cavaliers,0,0,0,0,0,,,,,,,,,,,,,
2023-11-01,MEMUTA,Utah Jazz,0,1,0,0,0,,,,,,,,,,,,,
2023-11-01,CLENYK,New York Knicks,0,1,0,0,0,,,,,,,,,,,,,
2023-11-01,CLENYK,Cleveland Cavaliers,0,1,0,0,0,,,,,,,,,,,,,
2023-11-01,MEMUTA,Memphis Grizzlies,0,0,0,0,0,,,,,,,,,,,,,
2023-11-01,BKNMIA,Miami Heat,0,1,0,0,0,,,,,,,,,,,,,
2023-11-01,MILTOR,Milwaukee Bucks,0,0,0,0,0,,,,,,,,,,,,,
2023-11-01,BOSIND,Boston Celtics,0,0,0,0,0,,,,,,,,,,,,,
2023-11-01,MILTOR,Toronto Raptors,0,1,0,0,0,,,,,,,,,,,,,
2023-11-01,CHIDAL,Dallas Mavericks,0,0,0,0,0,,,,,,,,,,,,,
2023-11-01,CHIDAL,Chicago Bulls,0,0,0,0,0,,,,,,,,,,,,,
2023-11-01,NOPOKC,Oklahoma City Thunder,0,1,0,0,0,,,,,,,,,,,,,
2023-11-01,CHAHOU,Charlotte Hornets,0,0,0,0,0,,,,,,,,,,,,,
2023-11-01,CHAHOU,Houston Rockets,0,0,0,0,0,,,,,,,,,,,,,
2023-11-01,NOPOKC,New Orleans Pelicans,0,0,0,0,0,,,,,,,,,,,,,
2023-11-01,BKNMIA,Brooklyn Nets,0,1,0,0,0,,,,,,,,,,,,,
2023-11-01,BOSIND,Indiana Pacers,0,0,0,0,0,,,,,,,,,,,,,
2023-11-01,DENMIN,Denver Nuggets,0,1,0,0,0,,,,,,,,,,,,,
2023-11-01,LACLAL,LA Clippers,0,1,0,0,0,,,,,,,,,,,,,
2023-11-01,LACLAL,Los Angeles Lakers,0,0,0,0,0,,,,,,,,,,,,,
2023-11-01,DETPOR,Detroit Pistons,0,1,0,0,0,,,,,,,,,,,,,
2023-11-01,DETPOR,Portland Trail Blazers,0,0,0,0,0,,,,,,,,,,,,,
2023-11-01,GSWSAC,Sacramento Kings,0,1,0,0,0,,,,,,,,,,,,,
2023-11-01,GSWSAC,Golden State Warriors,0,0,0,0,0,,,,,,,,,,,,,
2023-11-01,ATLWAS,Washington Wizards,0,0,0,0,0,,,,,,,,,,,,,
2023-11-01,DENMIN,Minnesota Timberwolves,0,1,0,0,0,,,,,,,,,,,,,
2023-11-01,ATLWAS,Atlanta Hawks,0,0,0,0,0,,,,,,,,,,,,,
2023-11-02,ORLUTA,Orlando Magic,0,0,0,0,0,,,,,,,,,,,,,
2023-11-02,ORLUTA,Utah Jazz,0,1,0,0,0,,,,,,,,,,,,,
2023-11-02,PHITOR,Philadelphia 76ers,0,1,0,0,0,,,,,,,,,,,,,
2023-11-02,PHXSAS,San Antonio Spurs,0,0,0,0,0,,,,,,,,,,,,,
2023-11-02,DETNOP,Detroit Pistons,0,0,0,0,0,,,,,,,,,,,,,
2023-11-02,DETNOP,New Orleans Pelicans,0,1,0,0,0,,,,,,,,,,,,,
2023-11-02,PHXSAS,Phoenix Suns,0,1,0,0,0,,,,,,,,,,,,,
2023-11-02,PHITOR,Toronto Raptors,0,1,0,0,0,,,,,,,,,,,,,
2023-11-03,BKNCHI,Chicago Bulls,0,0,0,0,0,,,,,,,,,,,,,
2023-11-03,GSWOKC,Golden State Warriors,0,0,0,0,0,,,,,,,,,,,,,
2023-11-03,MILNYK,New York Knicks,0,0,0,0,0,,,,,,,,,,,,,
2023-11-03,GSWOKC,Oklahoma City Thunder,0,0,0,0,0,,,,,,,,,,,,,
2023-11-03,MIAWAS,Washington Wizards,0,0,0,0,0,,,,,,,,,,,,,
2023-11-03,MIAWAS,Miami Heat,0,0,0,0,0,,,,,,,,,,,,,
2023-11-03,CLEIND,Indiana Pacers,0,0,0,0,0,,,,,,,,,,,,,
2023-11-03,CLEIND,Cleveland Cavaliers,0,0,0,0,0,,,,,,,,,,,,,
2023-11-03,BKNCHI,Brooklyn Nets,0,0,0,0,0,,,,,,,,,,,,,
2023-11-03,MEMPOR,Portland Trail Blazers,0,0,0,0,0,,,,,,,,,,,,,
2023-11-03,MEMPOR,Memphis Grizzlies,0,0,0,0,0,,,,,,,,,,,,,
2023-11-03,DALDEN,Denver Nuggets,0,0,0,0,0,,,,,,,,,,,,,
2023-11-03,DALDEN,Dallas Mavericks,0,0,0,0,0,,,,,,,,,,,,,
2023-11-03,MILNYK,Milwaukee Bucks,0,0,0,0,0,,,,,,,,,,,,,
2023-11-04,LALORL,Orlando Magic,1,1,1,1,1,,,,,,,,,,,,,
2023-11-04,ATLNOP,New Orleans Pelicans,0,0,0,0,0,,,,,,,,,,,,,
2023-11-04,CHAIND,Charlotte Hornets,1,1,1,1,1,,,,,,,,,,,,,
2023-11-04,CHAIND,Indiana Pacers,0,0,0,0,0,,,,,,,,,,,,,
2023-11-04,PHIPHX,Philadelphia 76ers,0,0,0,0,0,,,,,,,,,,,,,
2023-11-04,CHIDEN,Denver Nuggets,0,0,0,0,0,,,,,,,,,,,,,
2023-11-04,CHIDEN,Chicago Bulls,1,1,1,1,1,,,,,,,,,,,,,
2023-11-04,ATLNOP,Atlanta Hawks,1,1,1,1,1,,,,,,,,,,,,,
2023-11-04,MINUTA,Minnesota Timberwolves,0,1,0,0,0,,,,,,,,,,,,,
2023-11-04,MINUTA,Utah Jazz,0,0,1,0,0,,,,,,,,,,,,,
2023-11-04,BKNBOS,Brooklyn Nets,0,0,0,0,0,,,,,,,,,,,,,
2023-11-04,PHIPHX,Phoenix Suns,1,0,1,0,1,,,,,,,,,,,,,
2023-11-04,HOUSAC,Sacramento Kings,1,1,1,1,1,,,,,,,,,,,,,
2023-11-04,HOUSAC,Houston Rockets,1,0,1,0,0,,,,,,,,,,,,,
2023-11-04,BKNBOS,Boston Celtics,0,0,0,0,0,,,,,,,,,,,,,
2023-11-04,LALORL,Los Angeles Lakers,1,1,1,1,1,,,,,,,,,,,,,
2023-11-05,SASTOR,San Antonio Spurs,1,1,1,1,1,,,,,,,,,,,,,
2023-11-05,SASTOR,Toronto Raptors,0,0,0,0,0,,,,,,,,,,,,,
2023-11-05,CHADAL,Dallas Mavericks,0,0,0,0,0,,,,,,,,,,,,,
2023-11-05,CHADAL,Charlotte Hornets,1,1,1,1,1,,,,,,,,,,,,,
2023-11-05,DETPHX,Phoenix Suns,1,0,1,1,1,,,,,,,,,,,,,
2023-11-05,DETPHX,Detroit Pistons,1,1,1,1,1,,,,,,,,,,,,,
2023-11-05,CLEGSW,Cleveland Cavaliers,1,1,1,1,1,,,,,,,,,,,,,
2023-11-05,MEMPOR,Portland Trail Blazers,1,1,1,1,0,,,,,,,,,,,,,
2023-11-05,MEMPOR,Memphis Grizzlies,1,0,1,1,1,,,,,,,,,,,,,
2023-11-05,CLEGSW,Golden State Warriors,1,0,1,1,1,,,,,,,,,,,,,
2023-11-06,LACNYK,New York Knicks,1,1,1,1,1,,,,,,,,,,,,,
2023-11-06,LACNYK,LA Clippers,1,0,1,1,1,,,,,,,,,,,,,
2023-11-06,DENNOP,New Orleans Pelicans,1,1,1,1,1,,,,,,,,,,,,,
2023-11-06,ATLOKC,Atlanta Hawks,0,0,0,0,0,,,,,,,,,,,,,
2023-11-06,DETGSW,Golden State Warriors,1,1,1,1,1,,,,,,,,,,,,,
2023-11-06,LALMIA,Miami Heat,1,1,1,1,1,,,,,,,,,,,,,
2023-11-06,ATLOKC,Oklahoma City Thunder,0,0,0,0,0,,,,,,,,,,,,,
2023-11-06,DETGSW,Detroit Pistons,0,1,0,0,0,,,,,,,,,,,,,
2023-11-06,INDSAS,San Antonio Spurs,0,0,0,0,0,,,,,,,,,,,,,
2023-11-06,INDSAS,Indiana Pacers,1,1,1,1,1,,,,,,,,,,,,,
2023-11-06,DENNOP,Denver Nuggets,0,0,0,0,0,,,,,,,,,,,,,
2023-11-06,DALORL,Orlando Magic,1,1,1,1,1,,,,,,,,,,,,,
2023-11-06,LALMIA,Los Angeles Lakers,1,1,1,1,1,,,,,,,,,,,,,
2023-11-06,HOUSAC,Sacramento Kings,0,0,0,0,0,,,,,,,,,,,,,
2023-11-06,PHIWAS,Washington Wizards,1,1,1,1,1,,,,,,,,,,,,,
2023-11-06,PHIWAS,Philadelphia 76ers,1,1,1,1,1,,,,,,,,,,,,,
2023-11-06,BOSMIN,Boston Celtics,1,0,1,0,0,,,,,,,,,,,,,
2023-11-06,BOSMIN,Minnesota Timberwolves,0,0,0,0,0,,,,,,,,,,,,,
2023-11-06,DALORL,Dallas Mavericks,1,1,1,1,1,,,,,,,,,,,,,
2023-11-06,CHIUTA,Chicago Bulls,0,0,0,0,0,,,,,,,,,,,,,
2023-11-06,HOUSAC,Houston Rockets,0,0,0,0,0,,,,,,,,,,,,,
2023-11-06,BKNMIL,Brooklyn Nets,0,0,0,0,0,,,,,,,,,,,,,
2023-11-06,CHIUTA,Utah Jazz,0,1,0,0,0,,,,,,,,,,,,,
2023-11-06,BKNMIL,Milwaukee Bucks,1,1,1,1,1,,,,,,,,,,,,,
2023-11-08,MINNOP,Minnesota Timberwolves,0,0,0,0,0,,,,,,,,,,,,,
2023-11-08,INDUTA,Indiana Pacers,1,1,1,1,1,,,,,,,,,,,,,
2023-11-08,INDUTA,Utah Jazz,1,1,1,1,1,,,,,,,,,,,,,
2023-11-08,MEMMIA,Memphis Grizzlies,1,1,1,1,1,,,,,,,,,,,,,
2023-11-08,MEMMIA,Miami Heat,1,1,1,1,1,,,,,,,,,,,,,
2023-11-08,MINNOP,New Orleans Pelicans,1,1,1,1,1,,,,,,,,,,,,,
2023-11-08,BOSPHI,Boston Celtics,1,1,1,1,1,,,,,,,,,,,,,
2023-11-08,HOULAL,Houston Rockets,1,1,1,1,1,,,,,,,,,,,,,
2023-11-08,BOSPHI,Philadelphia 76ers,0,0,0,0,0,,,,,,,,,,,,,
2023-11-08,CHAWAS,Charlotte Hornets,1,1,1,1,1,,,,,,,,,,,,,
2023-11-08,CHAWAS,Washington Wizards,0,0,0,0,0,,,,,,,,,,,,,
2023-11-08,CHIPHX,Phoenix Suns,1,1,1,1,1,,,,,,,,,,,,,
2023-11-08,CHIPHX,Chicago Bulls,1,1,1,1,1,,,,,,,,,,,,,
2023-11-08,BKNLAC,LA Clippers,1,1,1,1,1,,,,,,,,,,,,,
2023-11-08,BKNLAC,Brooklyn Nets,0,1,0,0,0,,,,,,,,,,,,,
2023-11-08,CLEOKC,Cleveland Cavaliers,0,0,0,0,0,,,,,,,,,,,,,
2023-11-08,CLEOKC,Oklahoma City Thunder,1,1,1,1,1,,,,,,,,,,,,,
2023-11-08,DALTOR,Toronto Raptors,1,0,0,0,1,,,,,,,,,,,,,
2023-11-08,DALTOR,Dallas Mavericks,0,1,0,0,0,,,,,,,,,,,,,
2023-11-08,DENGSW,Denver Nuggets,1,1,1,1,1,,,,,,,,,,,,,
2023-11-08,DENGSW,Golden State Warriors,1,1,1,1,1,,,,,,,,,,,,,
2023-11-08,DETMIL,Milwaukee Bucks,0,0,0,0,0,,,,,,,,,,,,,
2023-11-08,DETMIL,Detroit Pistons,0,0,0,0,0,,,,,,,,,,,,,
2023-11-08,HOULAL,Los Angeles Lakers,0,0,0,0,0,,,,,,,,,,,,,
2023-11-08,NYKSAS,New York Knicks,0,0,0,0,0,,,,,,,,,,,,,
2023-11-08,NYKSAS,San Antonio Spurs,1,1,1,1,1,,,,,,,,,,,,,
2023-11-08,PORSAC,Portland Trail Blazers,1,1,1,1,1,,,,,,,,,,,,,
2023-11-08,PORSAC,Sacramento Kings,1,0,1,1,1,,,,,,,,,,,,,
2023-11-09,INDMIL,Milwaukee Bucks,1,1,1,1,1,,,,,,,,,,,,,
2023-11-09,INDMIL,Indiana Pacers,0,0,0,0,0,,,,,,,,,,,,,
2023-11-09,ATLORL,Atlanta Hawks,0,0,0,0,0,,,,,,,,,,,,,
2023-11-09,ATLORL,Orlando Magic,0,0,0,0,0,,,,,,,,,,,,,
2023-11-10,MEMUTA,Utah Jazz,0,0,0,0,0,,,,,,,,,,,,,
2023-11-10,HOUNOP,New Orleans Pelicans,0,0,0,0,0,,,,,,,,,,,,,
2023-11-10,OKCSAC,Sacramento Kings,0,0,0,0,0,,,,,,,,,,,,,
2023-11-10,OKCSAC,Oklahoma City Thunder,1,1,1,1,1,,,,,,,,,,,,,
2023-11-10,DALLAC,Dallas Mavericks,0,0,0,0,0,,,,,,,,,,,,,
2023-11-10,DALLAC,LA Clippers,0,0,0,0,0,,,,,,,,,,,,,
2023-11-10,BKNBOS,Boston Celtics,0,0,0,0,0,,,,,,,,,,,,,
2023-11-10,LALPHX,Phoenix Suns,1,1,1,1,1,,,,,,,,,,,,,
2023-11-10,MEMUTA,Memphis Grizzlies,0,0,0,0,0,,,,,,,,,,,,,
2023-11-10,DETPHI,Philadelphia 76ers,1,1,1,1,1,,,,,,,,,,,,,
2023-11-10,DETPHI,Detroit Pistons,0,0,0,0,0,,,,,,,,,,,,,
2023-11-10,CHAWAS,Charlotte Hornets,1,1,1,1,1,,,,,,,,,,,,,
2023-11-10,CHAWAS,Washington Wizards,1,1,1,1,1,,,,,,,,,,,,,
2023-11-10,BKNBOS,Brooklyn Nets,1,1,1,1,1,,,,,,,,,,,,,
2023-11-10,LALPHX,Los Angeles Lakers,1,1,1,1,1,,,,,,,,,,,,,
2023-11-10,HOUNOP,Houston Rockets,1,1,1,1,1,,,,,,,,,,,,,
2023-11-10,MINSAS,San Antonio Spurs,0,0,0,0,0,,,,,,,,,,,,,
2023-11-10,MINSAS,Minnesota Timberwolves,1,1,1,1,1,,,,,,,,,,,,,
2023-11-11,MILORL,Orlando Magic,1,1,1,1,1,,,,,,,,,,,,,
2023-11-11,MILORL,Milwaukee Bucks,0,0,0,0,0,,,,,,,,,,,,,
2023-11-11,BOSTOR,Boston Celtics,0,0,0,0,0,,,,,,,,,,,,,
2023-11-11,CLEGSW,Golden State Warriors,0,0,0,0,0,,,,,,,,,,,,,
2023-11-11,BOSTOR,Toronto Raptors,1,1,1,1,1,,,,,,,,,,,,,
2023-11-11,CLEGSW,Cleveland Cavaliers,1,1,1,1,1,,,,,,,,,,,,,
2023-11-11,ATLMIA,Miami Heat,0,0,0,0,0,,,,,,,,,,,,,
2023-11-11,ATLMIA,Atlanta Hawks,1,1,1,1,1,,,,,,,,,,,,,
2023-11-12,GSWMIN,Golden State Warriors,0,0,0,0,0,Home,0.0015640938456307,0.0341463414634146,-0.2001114827201784,-0.0054831874570323,0.014858891533492,2.25433526011561,-3.025194415560378,1.531677125984274,-3.176974922737827,0.0,GSW,2023-11-12 06:07:09.281443
2023-11-12,CHANYK,New York Knicks,1,1,1,1,1,Home,0.0106942496493688,0.0825396825396825,-0.09846547314578,0.0091266982827132,0.0194892473118279,7.865825151940161,-0.3861794101833027,4.311538046167641,0.431244723059919,0.0,NYK,2023-11-12 06:07:09.281443
2023-11-12,CHIDET,Detroit Pistons,1,1,1,1,1,Away,0.0762735716296088,-0.0453216374269005,0.054054054054054,0.0467304173956342,0.0483785220627325,-5.6102823904681465,18.85506346677564,22.972193587425224,18.93783025781657,1.0,DET,2023-11-12 06:07:09.281443
2023-11-12,LACMEM,LA Clippers,0,0,0,0,0,Home,0.0140664961636828,0.1156186612576065,-0.2095238095238095,-0.0181525419619694,0.0413043478260869,5.370843989769817,-5.983384980549872,7.417419397375895,-5.575159066213402,0.0,LAC,2023-11-12 06:07:09.281443
2023-11-12,LACMEM,Memphis Grizzlies,1,1,1,1,1,Away,-0.0140664961636828,-0.1156186612576065,0.2095238095238095,0.0181525419619694,-0.0413043478260869,-5.370843989769817,5.983384980549872,-7.417419397375895,5.575159066213402,1.0,MEM,2023-11-12 06:07:09.281443
2023-11-12,OKCPHX,Phoenix Suns,1,0,1,1,1,Home,-0.0901936326918507,-0.0493827160493827,0.011111111111111,-0.0914805823002151,-0.1006177239249228,-2.02542171537182,-22.83844897971745,-31.99317862523064,-21.3134799925882,0.0,PHX,2023-11-12 06:07:09.281443
2023-11-12,DALNOP,Dallas Mavericks,1,1,1,1,1,Away,0.0761746207917128,0.1335511982570806,0.0846253229974161,0.0719880220301718,0.0724380318165001,11.143174250832406,5.941952757026542,8.578897324977206,5.36629346202875,1.0,DAL,2023-11-12 06:07:09.281443
2023-11-12,DALNOP,New Orleans Pelicans,0,0,0,0,0,Home,-0.0761746207917128,-0.1335511982570806,-0.0846253229974161,-0.0719880220301718,-0.0724380318165001,-11.143174250832406,-5.941952757026542,-8.578897324977206,-5.36629346202875,0.0,NOP,2023-11-12 06:07:09.281443
2023-11-12,DENHOU,Denver Nuggets,0,0,0,0,0,Away,-0.0477527301311024,-0.0311533362792753,0.1176470588235294,-0.056867906186538,-0.0704079054490328,-8.730804862300328,-5.03394337774985,-12.661742212347406,-3.1470808318504027,0.0,DEN,2023-11-12 06:07:09.281443
2023-11-12,CHANYK,Charlotte Hornets,0,0,0,0,0,Away,-0.0106942496493688,-0.0825396825396825,0.09846547314578,-0.0091266982827132,-0.0194892473118279,-7.865825151940161,0.3861794101833027,-4.311538046167641,-0.431244723059919,1.0,CHA,2023-11-12 06:07:09.281443
2023-11-12,CHIDET,Chicago Bulls,0,0,0,0,0,Home,-0.0762735716296088,0.0453216374269005,-0.054054054054054,-0.0467304173956342,-0.0483785220627325,5.6102823904681465,-18.85506346677564,-22.972193587425224,-18.93783025781657,0.0,CHI,2023-11-12 06:07:09.281443
2023-11-12,INDPHI,Indiana Pacers,1,1,1,1,1,Away,0.0344974187670816,0.1052215189873417,0.0432653061224489,0.0609198295894656,0.0596264804129973,-3.823261463710903,14.829883096082725,11.306898977652054,14.958908204879576,1.0,IND,2023-11-12 06:07:09.281443
2023-11-12,INDPHI,Philadelphia 76ers,0,0,0,0,0,Home,-0.0344974187670816,-0.1052215189873417,-0.0432653061224489,-0.0609198295894656,-0.0596264804129973,3.823261463710903,-14.829883096082725,-11.306898977652054,-14.958908204879576,0.0,PHI,2023-11-12 06:07:09.281443
2023-11-12,LALPOR,Portland Trail Blazers,1,1,1,1,1,Away,0.0281786941580756,0.045045045045045,-0.1172161172161172,0.0410144021899523,0.0558991981672394,5.532646048109964,12.857402376661868,20.353638597890622,11.18050264798184,1.0,POR,2023-11-12 06:07:09.281443
2023-11-12,LALPOR,Los Angeles Lakers,0,0,0,0,0,Home,-0.0281786941580756,-0.045045045045045,0.1172161172161172,-0.0410144021899523,-0.0558991981672394,-5.532646048109964,-12.857402376661868,-20.353638597890622,-11.18050264798184,0.0,LAL,2023-11-12 06:07:09.281443
2023-11-12,MIASAS,Miami Heat,1,1,1,1,1,Away,0.0181555153707052,0.0816925010473397,0.0308529945553539,0.0414006704051661,0.0261482820976491,9.280289330922244,2.5627340474949136,-1.46684512516606,0.3533704556412544,1.0,MIA,2023-11-12 06:07:09.281443
2023-11-12,MIASAS,San Antonio Spurs,1,1,1,1,1,Home,-0.0181555153707052,-0.0816925010473397,-0.0308529945553539,-0.0414006704051661,-0.0261482820976491,-9.280289330922244,-2.5627340474949136,1.46684512516606,-0.3533704556412544,0.0,SAS,2023-11-12 06:07:09.281443
2023-11-12,OKCPHX,Oklahoma City Thunder,0,0,0,0,0,Away,0.0901936326918507,0.0493827160493827,-0.011111111111111,0.0914805823002151,0.1006177239249228,2.02542171537182,22.83844897971745,31.99317862523064,21.3134799925882,1.0,OKC,2023-11-12 06:07:09.281443
2023-11-12,GSWMIN,Minnesota Timberwolves,1,1,1,1,1,Away,-0.0015640938456307,-0.0341463414634146,0.2001114827201784,0.0054831874570323,-0.014858891533492,-2.25433526011561,3.025194415560378,-1.531677125984274,3.176974922737827,1.0,MIN,2023-11-12 06:07:09.281443
2023-11-12,DENHOU,Houston Rockets,1,1,1,1,1,Home,0.0477527301311024,0.0311533362792753,-0.1176470588235294,0.056867906186538,0.0704079054490328,8.730804862300328,5.03394337774985,12.661742212347406,3.1470808318504027,1.0,HOU,2023-11-12 06:07:09.281443
2023-11-12,BKNWAS,Washington Wizards,0,0,0,0,0,Away,0.0235294117647059,0.0583441981747066,0.1740740740740741,0.0476593866567954,0.0411764705882353,1.1764705882352935,8.313517197442792,7.198442859153587,10.229558266808937,1.0,WAS,2023-11-12 06:07:09.281443
2023-11-12,BKNWAS,Brooklyn Nets,0,0,0,0,0,Home,-0.0235294117647059,-0.0583441981747066,-0.1740740740740741,-0.0476593866567954,-0.0411764705882353,-1.1764705882352935,-8.313517197442792,-7.198442859153587,-10.229558266808937,0.0,BKN,2023-11-12 06:07:09.281443
2023-11-13,CLESAC,Cleveland Cavaliers,1,1,1,1,1,Away,-0.0085679314565483,0.0128205128205128,0.0071428571428571,0.061836966457081,0.0393206854345166,11.566707466340269,10.01742160278745,10.791715060007732,9.090721796563912,1.0,CLE,2023-11-13 05:05:09.793652
2023-11-13,BOSNYK,Boston Celtics,1,1,1,1,0,Home,0.0423655913978494,-0.0120868649380611,-0.0915686274509802,0.0192991618791812,0.026594982078853,-3.49462365591398,0.6503620219052095,-5.635945016071474,-1.1227327089319914,1.0,BOS,2023-11-13 05:05:09.793652
2023-11-13,BOSNYK,New York Knicks,0,1,0,0,0,Away,-0.0423655913978494,0.0120868649380611,0.0915686274509802,-0.0192991618791812,-0.026594982078853,3.49462365591398,-0.6503620219052095,5.635945016071474,1.1227327089319914,0.0,NYK,2023-11-13 05:05:09.793652
2023-11-13,CLESAC,Sacramento Kings,0,0,0,0,0,Home,0.0085679314565483,-0.0128205128205128,-0.0071428571428571,-0.061836966457081,-0.0393206854345166,-11.566707466340269,-10.01742160278745,-10.791715060007732,-9.090721796563912,0.0,SAC,2023-11-13 05:05:09.793652
2023-11-13,TORWAS,Washington Wizards,1,1,1,1,1,Away,0.0804532255309457,0.028169014084507,0.0769656699889258,0.0813355609805623,0.0817200933781244,4.2276376473267625,21.162464645853674,33.6314980260331,22.03637331993366,1.0,WAS,2023-11-13 05:05:09.793652
2023-11-13,TORWAS,Toronto Raptors,0,0,0,0,0,Home,-0.0804532255309457,-0.028169014084507,-0.0769656699889258,-0.0813355609805623,-0.0817200933781244,-4.2276376473267625,-21.162464645853674,-33.6314980260331,-22.03637331993366,0.0,TOR,2023-11-13 05:05:09.793652
2023-11-13,CHIMIL,Milwaukee Bucks,0,0,0,0,0,Home,-0.0145218105620762,0.0399378399378399,0.0408067542213884,-0.0136488262009467,-0.0113612631051334,1.2697882293972675,-2.9711995924157293,-0.5801047784772351,-3.614538503449225,0.0,MIL,2023-11-13 05:05:09.793652
2023-11-13,CHIMIL,Chicago Bulls,1,1,1,1,1,Away,0.0145218105620762,-0.0399378399378399,-0.0408067542213884,0.0136488262009467,0.0113612631051334,-1.2697882293972675,2.9711995924157293,0.5801047784772351,3.614538503449225,1.0,CHI,2023-11-13 05:05:09.793652
2023-11-15,LALSAC,Los Angeles Lakers,1,1,1,1,1,Home,-0.0200685760387253,-0.0379697791553661,0.0118881118881118,-0.0116753938517005,-0.0127499567798075,1.665418083328536,1.1473509397123678,3.132215631429119,0.4515780637789106,1.0,LAL,2023-11-15 11:40:23.227340
2023-11-15,CLEPOR,Cleveland Cavaliers,0,0,0,0,0,Away,0.0184384903486026,0.0151515151515151,-0.0155728587319243,0.0428249093907616,0.049625468164794,-9.665802362431574,-6.034292322885818,-20.77485836062165,-4.282376932423659,0.0,CLE,2023-11-15 11:40:23.227340
2023-11-15,ATLNYK,New York Knicks,0,0,0,0,0,Away,-0.0233781873396513,-0.0756224451876625,0.0447761194029849,-0.0489580195135768,-0.0579218807267396,1.0314676161055587,-5.094726606760659,-1.5525064633010146,-5.220900324107291,0.0,NYK,2023-11-15 11:40:23.227340
2023-11-15,ATLNYK,Atlanta Hawks,1,1,1,1,1,Home,0.0233781873396513,0.0756224451876625,-0.0447761194029849,0.0489580195135768,0.0579218807267396,-1.0314676161055587,5.094726606760659,1.5525064633010146,5.220900324107291,1.0,ATL,2023-11-15 11:40:23.227340
2023-11-15,BOSPHI,Boston Celtics,0,0,0,0,0,Away,-0.0113306390833103,-0.0285253873119982,0.0451443304180779,-0.0193935397586357,-0.0333036605586255,-4.523723525580689,-2.6535448736027263,-7.644877293853241,-3.249400516646645,0.0,BOS,2023-11-15 11:40:23.227340
2023-11-15,BOSPHI,Philadelphia 76ers,1,1,1,1,1,Home,0.0113306390833103,0.0285253873119982,-0.0451443304180779,0.0193935397586357,0.0333036605586255,4.523723525580689,2.6535448736027263,7.644877293853241,3.249400516646645,1.0,PHI,2023-11-15 11:40:23.227340
2023-11-15,CHIORL,Chicago Bulls,1,1,1,1,1,Home,0.0467269439421338,0.1731601731601731,0.0144124168514412,0.0814107572232714,0.0871609403254973,5.869801084990954,6.282283959234974,4.337341346974185,6.46788550231237,1.0,CHI,2023-11-15 11:40:23.227340
2023-11-15,CLEPOR,Portland Trail Blazers,1,1,1,1,1,Home,-0.0184384903486026,-0.0151515151515151,0.0155728587319243,-0.0428249093907616,-0.049625468164794,9.665802362431574,6.034292322885818,20.77485836062165,4.282376932423659,1.0,POR,2023-11-15 11:40:23.227340
2023-11-15,DALWAS,Dallas Mavericks,1,1,1,1,1,Away,0.0578626799557032,0.0170212765957447,0.3309523809523809,0.0575972316760561,0.024640088593577,7.668881506090809,6.25336128458693,8.095698026112586,10.04533215671698,1.0,DAL,2023-11-15 11:40:23.227340
2023-11-15,CHIORL,Orlando Magic,0,0,0,0,0,Away,-0.0467269439421338,-0.1731601731601731,-0.0144124168514412,-0.0814107572232714,-0.0871609403254973,-5.869801084990954,-6.282283959234974,-4.337341346974185,-6.46788550231237,0.0,ORL,2023-11-15 11:40:23.227340
2023-11-15,LALSAC,Sacramento Kings,0,0,0,0,0,Away,0.0200685760387253,0.0379697791553661,-0.0118881118881118,0.0116753938517005,0.0127499567798075,-1.665418083328536,-1.1473509397123678,-3.132215631429119,-0.4515780637789106,0.0,SAC,2023-11-15 11:40:23.227340
2023-11-15,MILTOR,Milwaukee Bucks,1,1,1,1,1,Away,0.0146179938620577,-0.0559948877705887,0.1184269662921349,-0.0178786351695128,-0.004670758628116,-1.1979755559144998,6.151045804348144,17.822023217166887,10.3268429623719,1.0,MIL,2023-11-15 11:40:23.227340
2023-11-15,MILTOR,Toronto Raptors,0,0,0,0,0,Home,-0.0146179938620577,0.0559948877705887,-0.1184269662921349,0.0178786351695128,0.004670758628116,1.1979755559144998,-6.151045804348144,-17.822023217166887,-10.3268429623719,0.0,TOR,2023-11-15 11:40:23.227340
2023-11-15,MINPHX,Minnesota Timberwolves,1,1,1,1,1,Away,0.0028095892502672,0.0027605244996549,-0.0022675736961451,0.0030803581542216,-0.0056497175141242,2.0705451213925805,9.08679567816867,17.62644621559373,7.659761591938391,1.0,MIN,2023-11-15 11:40:23.227340
2023-11-15,MINPHX,Phoenix Suns,0,0,0,0,0,Home,-0.0028095892502672,-0.0027605244996549,0.0022675736961451,-0.0030803581542216,0.0056497175141242,-2.0705451213925805,-9.08679567816867,-17.62644621559373,-7.659761591938391,0.0,PHX,2023-11-15 11:40:23.227340
2023-11-15,DALWAS,Washington Wizards,0,0,0,0,0,Home,-0.0578626799557032,-0.0170212765957447,-0.3309523809523809,-0.0575972316760561,-0.024640088593577,-7.668881506090809,-6.25336128458693,-8.095698026112586,-10.04533215671698,0.0,WAS,2023-11-15 11:40:23.227340
2023-11-16,GSWOKC,Oklahoma City Thunder,1,1,1,1,1,Away,0.0581974637681159,0.1304768041237113,-0.0564671814671814,0.0922133305389982,0.1182065217391304,11.5036231884058,19.630701021272543,42.218447886365766,20.271572014661444,1.0,OKC,2023-11-16 06:01:47.878345
2023-11-16,BKNMIA,Brooklyn Nets,0,0,0,0,0,Away,-0.0347345058905984,-0.054671868747499,-0.0357643758765778,-0.0720627099531743,-0.0587349397590361,-5.262323532356579,-12.009499923305768,-13.84939899169973,-11.990018004575674,0.0,BKN,2023-11-16 06:01:47.878345
2023-11-16,BKNMIA,Miami Heat,1,1,1,1,1,Home,0.0347345058905984,0.054671868747499,0.0357643758765778,0.0720627099531743,0.0587349397590361,5.262323532356579,12.009499923305768,13.84939899169973,11.990018004575674,1.0,MIA,2023-11-16 06:01:47.878345
2023-11-16,GSWOKC,Golden State Warriors,0,0,0,0,0,Home,-0.0581974637681159,-0.1304768041237113,0.0564671814671814,-0.0922133305389982,-0.1182065217391304,-11.5036231884058,-19.630701021272543,-42.218447886365766,-20.271572014661444,0.0,GSW,2023-11-16 06:01:47.878345
2023-11-17,SACSAS,San Antonio Spurs,0,0,0,0,0,Home,0.0115127010092904,0.0259649122807017,0.1287878787878787,0.0416469801438572,0.0232414580696935,-4.117411031204664,12.964510010396625,7.979765485336699,13.069583153688598,1.0,SAS,2023-11-17 06:40:03.995135
2023-11-17,SACSAS,Sacramento Kings,0,0,0,0,0,Away,-0.0115127010092904,-0.0259649122807017,-0.1287878787878787,-0.0416469801438572,-0.0232414580696935,4.117411031204664,-12.964510010396625,-7.979765485336699,-13.069583153688598,0.0,SAC,2023-11-17 06:40:03.995135
2023-11-17,PHXUTA,Utah Jazz,1,1,1,1,1,Home,-0.0310299869621903,-0.0701040253279059,0.2533333333333334,-0.0181267918836336,-0.0503694046066927,-1.4341590612777004,6.523043273324134,13.292476399671358,8.503825158212408,1.0,UTA,2023-11-17 06:40:03.995135
2023-11-17,PHXUTA,Phoenix Suns,1,1,1,1,1,Away,0.0310299869621903,0.0701040253279059,-0.2533333333333334,0.0181267918836336,0.0503694046066927,1.4341590612777004,-6.523043273324134,-13.292476399671358,-8.503825158212408,0.0,PHX,2023-11-17 06:40:03.995135
2023-11-17,CLEDET,Detroit Pistons,1,1,1,1,1,Away,0.1054931335830212,0.0833333333333333,-0.0930232558139535,0.0927370158409885,0.1184630323207102,9.689277292273548,25.9530663603736,41.66698807200507,26.017006732250493,1.0,DET,2023-11-17 06:40:03.995135
2023-11-17,NYKWAS,New York Knicks,0,0,0,0,0,Away,-0.0313447927199191,0.0272654370489173,0.1763717805151176,0.0204016807882493,0.0073306370070779,5.434782608695652,-5.080888539712902,-5.5879846928395125,-1.9391182180847293,0.0,NYK,2023-11-17 06:40:03.995135
2023-11-17,NYKWAS,Washington Wizards,0,0,0,0,0,Home,0.0313447927199191,-0.0272654370489173,-0.1763717805151176,-0.0204016807882493,-0.0073306370070779,-5.434782608695652,5.080888539712902,5.5879846928395125,1.9391182180847293,1.0,WAS,2023-11-17 06:40:03.995135
2023-11-17,CHAMIL,Milwaukee Bucks,1,1,1,1,1,Away,-0.0790749203711397,-0.1666666666666666,0.0951417004048582,-0.0870430733452364,-0.1226284448137376,-11.674283340257578,-7.805837192157426,-15.463087053352396,-6.316271051256038,0.0,MIL,2023-11-17 06:40:03.995135
2023-11-17,BOSTOR,Toronto Raptors,1,1,1,1,1,Home,-0.0285045948203842,0.0467485765657776,0.0758258258258258,0.0103020339225552,0.0046449456975772,4.5680868838763615,6.093424820516603,12.998355176876911,6.315370363709192,1.0,TOR,2023-11-17 06:40:03.995135
2023-11-17,BOSTOR,Boston Celtics,1,1,1,1,1,Away,0.0285045948203842,-0.0467485765657776,-0.0758258258258258,-0.0103020339225552,-0.0046449456975772,-4.5680868838763615,-6.093424820516603,-12.998355176876911,-6.315370363709192,0.0,BOS,2023-11-17 06:40:03.995135
2023-11-17,ATLPHI,Atlanta Hawks,1,1,1,1,1,Home,-0.0513513513513513,0.0557366362451108,0.0488534396809572,-0.0329217336885897,-0.0498498498498498,-2.3873873873873848,-2.0101128961192103,-2.014196097439523,-2.3303071090143703,0.0,ATL,2023-11-17 06:40:03.995135
2023-11-17,CHIORL,Orlando Magic,1,1,1,1,1,Away,-0.0467269439421338,-0.1731601731601731,-0.0144124168514412,-0.0814107572232714,-0.0871609403254973,-5.869801084990954,-6.282283959234974,-4.337341346974185,-6.46788550231237,0.0,ORL,2023-11-17 06:40:03.995135
2023-11-17,CHIORL,Chicago Bulls,0,0,0,0,0,Home,0.0467269439421338,0.1731601731601731,0.0144124168514412,0.0814107572232714,0.0871609403254973,5.869801084990954,6.282283959234974,4.337341346974185,6.46788550231237,1.0,CHI,2023-11-17 06:40:03.995135
2023-11-17,ATLPHI,Philadelphia 76ers,0,0,0,0,0,Away,0.0513513513513513,-0.0557366362451108,-0.0488534396809572,0.0329217336885897,0.0498498498498498,2.3873873873873848,2.0101128961192103,2.014196097439523,2.3303071090143703,1.0,PHI,2023-11-17 06:40:03.995135
2023-11-17,CLEDET,Cleveland Cavaliers,0,0,0,0,0,Home,-0.1054931335830212,-0.0833333333333333,0.0930232558139535,-0.0927370158409885,-0.1184630323207102,-9.689277292273548,-25.9530663603736,-41.66698807200507,-26.017006732250493,0.0,CLE,2023-11-17 06:40:03.995135
2023-11-17,CHAMIL,Charlotte Hornets,1,1,1,1,1,Home,0.0790749203711397,0.1666666666666666,-0.0951417004048582,0.0870430733452364,0.1226284448137376,11.674283340257578,7.805837192157426,15.463087053352396,6.316271051256038,1.0,CHA,2023-11-17 06:40:03.995135
2023-11-17,DENNOP,Denver Nuggets,0,0,0,0,0,Away,-0.0209907954800568,0.0108173076923077,0.1008687258687258,-0.0038003756300267,-0.0318042355758437,-3.363765621492174,5.900060459507671,-0.8672190020188282,5.129177537285585,1.0,DEN,2023-11-17 06:40:03.995135
2023-11-17,LALPOR,Portland Trail Blazers,1,1,1,1,1,Home,0.0271110708571083,-0.1017493179264965,-0.0350877192982456,-0.0145260756707916,-0.021405065966247,-1.90200163028711,-4.082250863977663,-5.339410510052815,-3.27162785908385,0.0,POR,2023-11-17 06:40:03.995135
2023-11-17,LALPOR,Los Angeles Lakers,1,1,1,1,1,Away,-0.0271110708571083,0.1017493179264965,0.0350877192982456,0.0145260756707916,0.021405065966247,1.90200163028711,4.082250863977663,5.339410510052815,3.27162785908385,1.0,LAL,2023-11-17 06:40:03.995135
2023-11-17,HOULAC,LA Clippers,0,0,0,0,0,Home,-0.0556810631229235,-0.0839980059820538,0.0286041189931349,-0.0613448147392781,-0.0777906976744186,-2.468438538205984,-14.931073337674732,-24.150668044521097,-14.467343514296417,0.0,LAC,2023-11-17 06:40:03.995135
2023-11-17,HOULAC,Houston Rockets,0,0,0,0,0,Away,0.0556810631229235,0.0839980059820538,-0.0286041189931349,0.0613448147392781,0.0777906976744186,2.468438538205984,14.931073337674732,24.150668044521097,14.467343514296417,1.0,HOU,2023-11-17 06:40:03.995135
2023-11-17,DENNOP,New Orleans Pelicans,0,0,0,0,0,Home,0.0209907954800568,-0.0108173076923077,-0.1008687258687258,0.0038003756300267,0.0318042355758437,3.363765621492174,-5.900060459507671,0.8672190020188282,-5.129177537285585,0.0,NOP,2023-11-17 06:40:03.995135
2023-11-18,CHIMIA,Chicago Bulls,0,0,0,0,0,Home,-0.135670731707317,-0.2297297297297297,-0.2083333333333333,-0.1489000410816436,-0.1809451219512194,-14.45121951219512,-20.810739514025272,-40.257126387208174,-24.39591431969557,0.0,CHI,2023-11-18 10:38:41.361579
2023-11-18,CHANYK,New York Knicks,0,0,0,0,0,Away,-0.0003840245775729,-0.1515837104072397,-0.080952380952381,-0.0401947995069791,-0.0345622119815668,-7.834101382488477,-13.668207424526926,-17.420521844182105,-13.28773132254274,0.0,NYK,2023-11-18 10:38:41.361579
2023-11-18,CHANYK,Charlotte Hornets,1,1,1,1,1,Home,0.0003840245775729,0.1515837104072397,0.080952380952381,0.0401947995069791,0.0345622119815668,7.834101382488477,13.668207424526926,17.420521844182105,13.28773132254274,1.0,CHA,2023-11-18 10:38:41.361579
2023-11-18,DALMIL,Dallas Mavericks,1,1,1,1,1,Away,0.0456395348837209,0.044825313117996,0.0933333333333332,0.0376783044169654,0.0382267441860464,3.8081395348837255,9.702241552358643,26.06641017062566,12.962223974529692,1.0,DAL,2023-11-18 10:38:41.361579
2023-11-18,MINNOP,New Orleans Pelicans,1,1,1,1,1,Home,0.0391383716684921,-0.0149802148106274,0.0145833333333332,0.0291053624777677,0.0334976268711207,-3.464768163563349,4.893859888237699,-0.5238857843805391,4.9479154999567925,1.0,NOP,2023-11-18 10:38:41.361579
2023-11-18,MEMSAS,San Antonio Spurs,1,1,1,1,1,Home,0.058711926981848,0.0404494382022472,-0.0248868778280542,0.0314070222996263,0.0474310327145933,-5.49430827607425,5.666860581273724,6.324093542697,6.200669953453115,1.0,SAS,2023-11-18 10:38:41.361579
2023-11-18,MEMSAS,Memphis Grizzlies,0,0,0,0,0,Away,-0.058711926981848,-0.0404494382022472,0.0248868778280542,-0.0314070222996263,-0.0474310327145933,5.49430827607425,-5.666860581273724,-6.324093542697,-6.200669953453115,0.0,MEM,2023-11-18 10:38:41.361579
2023-11-18,GSWOKC,Golden State Warriors,0,0,0,0,0,Home,-0.0581974637681159,-0.1304768041237113,0.0564671814671814,-0.0922133305389982,-0.1182065217391304,-11.5036231884058,-19.630701021272543,-42.218447886365766,-20.271572014661444,0.0,GSW,2023-11-18 10:38:41.361579
2023-11-18,GSWOKC,Oklahoma City Thunder,1,1,1,1,1,Away,0.0581974637681159,0.1304768041237113,-0.0564671814671814,0.0922133305389982,0.1182065217391304,11.5036231884058,19.630701021272543,42.218447886365766,20.271572014661444,1.0,OKC,2023-11-18 10:38:41.361579
2023-11-18,DALMIL,Milwaukee Bucks,0,0,0,0,0,Home,-0.0456395348837209,-0.044825313117996,-0.0933333333333332,-0.0376783044169654,-0.0382267441860464,-3.8081395348837255,-9.702241552358643,-26.06641017062566,-12.962223974529692,0.0,MIL,2023-11-18 10:38:41.361579
2023-11-18,CHIMIA,Miami Heat,1,1,1,1,1,Away,0.135670731707317,0.2297297297297297,0.2083333333333333,0.1489000410816436,0.1809451219512194,14.45121951219512,20.810739514025272,40.257126387208174,24.39591431969557,1.0,MIA,2023-11-18 10:38:41.361579
2023-11-18,MINNOP,Minnesota Timberwolves,0,0,0,0,0,Away,-0.0391383716684921,0.0149802148106274,-0.0145833333333332,-0.0291053624777677,-0.0334976268711207,3.464768163563349,-4.893859888237699,0.5238857843805391,-4.9479154999567925,0.0,MIN,2023-11-18 10:38:41.361579
2023-11-19,INDORL,Orlando Magic,1,1,1,1,1,Away,0.0511363636363636,-0.0136928289102202,0.0809889173060528,0.0621269670244046,0.0625,13.068181818181817,7.079454359651606,13.770045072329026,7.5781165291431165,1.0,ORL,2023-11-19 06:01:27.563780
2023-11-19,PHXUTA,Utah Jazz,1,1,1,1,1,Home,-0.0310299869621903,-0.0701040253279059,0.2533333333333334,-0.0181267918836336,-0.0503694046066927,-1.4341590612777004,6.523043273324134,13.292476399671358,8.503825158212408,1.0,UTA,2023-11-19 06:01:27.563780
2023-11-19,PHXUTA,Phoenix Suns,1,1,1,1,1,Away,0.0310299869621903,0.0701040253279059,-0.2533333333333334,0.0181267918836336,0.0503694046066927,1.4341590612777004,-6.523043273324134,-13.292476399671358,-8.503825158212408,0.0,PHX,2023-11-19 06:01:27.563780
2023-11-19,OKCPOR,Portland Trail Blazers,1,1,1,1,1,Home,-0.0154830866051633,-0.0098870056497175,0.0440613026819922,-0.0313599488002921,-0.0426231852964313,-0.3683043695916446,7.281964687713057,14.695947868225788,7.660476428005921,1.0,POR,2023-11-19 06:01:27.563780
2023-11-19,OKCPOR,Oklahoma City Thunder,1,1,1,1,1,Away,0.0154830866051633,0.0098870056497175,-0.0440613026819922,0.0313599488002921,0.0426231852964313,0.3683043695916446,-7.281964687713057,-14.695947868225788,-7.660476428005921,0.0,OKC,2023-11-19 06:01:27.563780
2023-11-19,INDORL,Indiana Pacers,1,1,1,1,1,Home,-0.0511363636363636,0.0136928289102202,-0.0809889173060528,-0.0621269670244046,-0.0625,-13.068181818181817,-7.079454359651606,-13.770045072329026,-7.5781165291431165,0.0,IND,2023-11-19 06:01:27.563780
2023-11-19,DETTOR,Detroit Pistons,0,0,0,0,0,Away,-0.023154954425169,0.0361750569187958,-0.0511166253101736,-0.0288114564874784,-0.0186158482799175,-5.880623346074682,13.569900757486591,32.95233101604978,14.77194960656405,1.0,DET,2023-11-19 06:01:27.563780
2023-11-19,HOULAL,Houston Rockets,0,0,0,0,0,Away,0.0484615384615384,-0.0030303030303029,0.1152073732718893,0.077113321847385,0.0593956043956043,-2.72527472527473,14.698281431709503,1.77094678160708,14.027658845724204,1.0,HOU,2023-11-19 06:01:27.563780
2023-11-19,DETTOR,Toronto Raptors,0,0,0,0,0,Home,0.023154954425169,-0.0361750569187958,0.0511166253101736,0.0288114564874784,0.0186158482799175,5.880623346074682,-13.569900757486591,-32.95233101604978,-14.77194960656405,0.0,TOR,2023-11-19 06:01:27.563780
2023-11-19,DALSAC,Dallas Mavericks,0,0,0,0,0,Home,-0.0604197583209666,-0.1302211302211302,-0.043859649122807,-0.1142571402051315,-0.1161755352978588,2.278990884036464,-5.695163865899346,14.95197736721343,-5.557355454995999,0.0,DAL,2023-11-19 06:01:27.563780
2023-11-19,DALSAC,Sacramento Kings,0,0,0,0,0,Away,0.0604197583209666,0.1302211302211302,0.043859649122807,0.1142571402051315,0.1161755352978588,-2.278990884036464,5.695163865899346,-14.95197736721343,5.557355454995999,1.0,SAC,2023-11-19 06:01:27.563780
2023-11-19,CLEDEN,Cleveland Cavaliers,0,0,0,0,0,Home,-0.0134920634920635,0.2414529914529914,0.0195652173913043,0.0593027937459458,0.0543650793650793,9.047619047619047,11.058463273374016,17.86360171039499,9.011928204039918,1.0,CLE,2023-11-19 06:01:27.563780
2023-11-19,CLEDEN,Denver Nuggets,1,1,1,1,1,Away,0.0134920634920635,-0.2414529914529914,-0.0195652173913043,-0.0593027937459458,-0.0543650793650793,-9.047619047619047,-11.058463273374016,-17.86360171039499,-9.011928204039918,0.0,DEN,2023-11-19 06:01:27.563780
2023-11-19,BOSMEM,Memphis Grizzlies,0,0,0,0,0,Home,0.0128651835968909,-0.0165847665847665,0.1071428571428571,0.0323282145938722,0.0036183328866256,2.03698740284106,0.6978669937326458,-10.453173280842904,-2.166563743467975,1.0,MEM,2023-11-19 06:01:27.563780
2023-11-19,BOSMEM,Boston Celtics,0,0,0,0,0,Away,-0.0128651835968909,0.0165847665847665,-0.1071428571428571,-0.0323282145938722,-0.0036183328866256,-2.03698740284106,-0.6978669937326458,10.453173280842904,2.166563743467975,0.0,BOS,2023-11-19 06:01:27.563780
2023-11-19,BKNPHI,Philadelphia 76ers,1,1,1,1,1,Away,-0.0289677066798511,-0.0307868601986249,-0.0315934065934065,-0.0106090559987162,-0.0202685471909234,4.509615134403699,-10.132003748740274,-16.349954611417516,-11.062807629740943,0.0,PHI,2023-11-19 06:01:27.563780
2023-11-19,BKNPHI,Brooklyn Nets,1,1,1,1,1,Home,0.0289677066798511,0.0307868601986249,0.0315934065934065,0.0106090559987162,0.0202685471909234,-4.509615134403699,10.132003748740274,16.349954611417516,11.062807629740943,1.0,BKN,2023-11-19 06:01:27.563780
2023-11-19,HOULAL,Los Angeles Lakers,0,0,0,0,0,Home,-0.0484615384615384,0.0030303030303029,-0.1152073732718893,-0.077113321847385,-0.0593956043956043,2.72527472527473,-14.698281431709503,-1.77094678160708,-14.027658845724204,0.0,LAL,2023-11-19 06:01:27.563780
2023-11-20,GSWHOU,Golden State Warriors,0,0,0,0,0,Home,-0.0877669382144892,-0.2589098532494759,0.1071428571428571,-0.1717645345048964,-0.2059572898856816,-15.565389386167826,-19.26793839314537,-23.57254279920012,-20.31919008927701,0.0,GSW,2023-11-20 06:59:16.804331
2023-11-20,LACSAS,LA Clippers,0,0,0,0,0,Away,-0.0522160227392356,-0.0356629278113316,-0.0929487179487179,-0.0777021574433474,-0.0719373969189739,-3.200336877566066,-8.208323010545143,-6.678620110444228,-8.257843681284044,0.0,LAC,2023-11-20 06:59:16.804331
2023-11-20,MILWAS,Milwaukee Bucks,0,0,0,0,0,Away,-0.0448033126293995,-0.1324365289882531,0.1212121212121212,-0.1113759553121412,-0.1226501035196687,-11.362318840579707,-9.76846614935964,-12.309441438299745,-7.9684703659274305,0.0,MIL,2023-11-20 06:59:16.804331
2023-11-20,LACSAS,San Antonio Spurs,1,1,1,1,1,Home,0.0522160227392356,0.0356629278113316,0.0929487179487179,0.0777021574433474,0.0719373969189739,3.200336877566066,8.208323010545143,6.678620110444228,8.257843681284044,1.0,SAS,2023-11-20 06:59:16.804331
2023-11-20,MILWAS,Washington Wizards,1,1,1,1,1,Home,0.0448033126293995,0.1324365289882531,-0.1212121212121212,0.1113759553121412,0.1226501035196687,11.362318840579707,9.76846614935964,12.309441438299745,7.9684703659274305,1.0,WAS,2023-11-20 06:59:16.804331
2023-11-20,MINNYK,New York Knicks,0,0,0,0,0,Away,0.0309335552781245,-0.127540650406504,-0.0866666666666666,-0.0156837046745303,-0.007906783187682,5.354418088500484,-9.815944339966665,-8.728700240974192,-11.161230765591624,0.0,NYK,2023-11-20 06:59:16.804331
2023-11-20,DENDET,Detroit Pistons,1,1,1,1,1,Home,0.0692663582286847,-0.1111111111111111,0.1244444444444444,0.0569027120103314,0.0436219431592861,4.348975545274293,20.78045467051864,34.38144861741644,21.079686893991934,1.0,DET,2023-11-20 06:59:16.804331
2023-11-20,NOPSAC,Sacramento Kings,1,1,1,0,1,Away,0.0347504873961077,0.1231884057971014,-0.046448087431694,0.0226632698375638,0.015955809419571,-6.307076649451037,5.70340152468016,-4.521721847849562,4.053934685405963,1.0,SAC,2023-11-20 06:59:16.804331
2023-11-20,NOPSAC,New Orleans Pelicans,0,0,0,0,0,Home,-0.0347504873961077,-0.1231884057971014,0.046448087431694,-0.0226632698375638,-0.015955809419571,6.307076649451037,-5.70340152468016,4.521721847849562,-4.053934685405963,0.0,NOP,2023-11-20 06:59:16.804331
2023-11-20,DENDET,Denver Nuggets,0,0,0,0,0,Away,-0.0692663582286847,0.1111111111111111,-0.1244444444444444,-0.0569027120103314,-0.0436219431592861,-4.348975545274293,-20.78045467051864,-34.38144861741644,-21.079686893991934,0.0,DEN,2023-11-20 06:59:16.804331
2023-11-20,CHIMIA,Chicago Bulls,0,0,0,0,0,Home,-0.135670731707317,-0.2297297297297297,-0.2083333333333333,-0.1489000410816436,-0.1809451219512194,-14.45121951219512,-20.810739514025272,-40.257126387208174,-24.39591431969557,0.0,CHI,2023-11-20 06:59:16.804331
2023-11-20,CHIMIA,Miami Heat,1,1,1,1,1,Away,0.135670731707317,0.2297297297297297,0.2083333333333333,0.1489000410816436,0.1809451219512194,14.45121951219512,20.810739514025272,40.257126387208174,24.39591431969557,1.0,MIA,2023-11-20 06:59:16.804331
2023-11-20,BOSCHA,Charlotte Hornets,1,1,1,1,1,Home,0.0371676614215952,0.0851888504040904,0.0461538461538461,0.0636001317845944,0.0812404723148078,8.703459680128155,19.57650994893467,41.40771469707799,20.19994042145153,1.0,CHA,2023-11-20 06:59:16.804331
2023-11-20,BOSCHA,Boston Celtics,0,0,0,0,0,Away,-0.0371676614215952,-0.0851888504040904,-0.0461538461538461,-0.0636001317845944,-0.0812404723148078,-8.703459680128155,-19.57650994893467,-41.40771469707799,-20.19994042145153,0.0,BOS,2023-11-20 06:59:16.804331
2023-11-20,MINNYK,Minnesota Timberwolves,1,1,1,1,1,Home,-0.0309335552781245,0.127540650406504,0.0866666666666666,0.0156837046745303,0.007906783187682,-5.354418088500484,9.815944339966665,8.728700240974192,11.161230765591624,1.0,MIN,2023-11-20 06:59:16.804331
2023-11-20,GSWHOU,Houston Rockets,1,1,1,1,1,Away,0.0877669382144892,0.2589098532494759,-0.1071428571428571,0.1717645345048964,0.2059572898856816,15.565389386167826,19.26793839314537,23.57254279920012,20.31919008927701,1.0,HOU,2023-11-20 06:59:16.804331
2023-11-21,ATLIND,Indiana Pacers,1,1,1,1,1,Away,0.0104166666666667,0.1216216216216216,-0.12,0.0264391489864316,0.015625,0.0,18.775845434884744,27.419025109299525,17.583843940470643,1.0,IND,2023-11-21 05:05:59.636344
2023-11-21,CLEPHI,Cleveland Cavaliers,1,1,1,1,1,Away,0.0,0.1481481481481481,0.1310344827586206,0.0479155707833965,0.0223577235772357,2.72045028142589,2.77631924389604,-2.5887934591006285,6.466377553825353,1.0,CLE,2023-11-21 05:05:59.636344
2023-11-21,CLEPHI,Philadelphia 76ers,0,0,0,0,0,Home,0.0,-0.1481481481481481,-0.1310344827586206,-0.0479155707833965,-0.0223577235772357,-2.72045028142589,-2.77631924389604,2.5887934591006285,-6.466377553825353,0.0,PHI,2023-11-21 05:05:59.636344
2023-11-21,LALUTA,Utah Jazz,1,1,1,1,1,Away,-0.0215686274509803,0.0484507042253521,-0.0382653061224489,0.0200817061341551,-0.0071895424836601,-2.614379084967318,1.1392106110162388,-10.740184077392811,-1.5478661249568262,1.0,UTA,2023-11-21 05:05:59.636344
2023-11-21,LALUTA,Los Angeles Lakers,0,0,0,0,0,Home,0.0215686274509803,-0.0484507042253521,0.0382653061224489,-0.0200817061341551,0.0071895424836601,2.614379084967318,-1.1392106110162388,10.740184077392811,1.5478661249568262,0.0,LAL,2023-11-21 05:05:59.636344
2023-11-21,ORLTOR,Toronto Raptors,1,1,1,1,1,Away,0.114527027027027,0.1543859649122806,0.0010834236186348,0.1116114269420075,0.1456081081081081,7.483108108108109,10.955646028477515,14.024756814204054,12.816413646131522,1.0,TOR,2023-11-21 05:05:59.636344
2023-11-21,ORLTOR,Orlando Magic,0,0,0,0,0,Home,-0.114527027027027,-0.1543859649122806,-0.0010834236186348,-0.1116114269420075,-0.1456081081081081,-7.483108108108109,-10.955646028477515,-14.024756814204054,-12.816413646131522,0.0,ORL,2023-11-21 05:05:59.636344
2023-11-21,PHXPOR,Portland Trail Blazers,1,1,1,1,1,Away,-0.0158102766798419,0.0577777777777778,0.1885216773276474,0.0364912294272836,0.0039525691699604,-0.7905138339920974,10.927047041369576,9.098462695641814,9.856032581712384,1.0,POR,2023-11-21 05:05:59.636344
2023-11-21,PHXPOR,Phoenix Suns,0,0,0,0,0,Home,0.0158102766798419,-0.0577777777777778,-0.1885216773276474,-0.0364912294272836,-0.0039525691699604,0.7905138339920974,-10.927047041369576,-9.098462695641814,-9.856032581712384,0.0,PHX,2023-11-21 05:05:59.636344
2023-11-21,ATLIND,Atlanta Hawks,0,0,0,0,0,Home,-0.0104166666666667,-0.1216216216216216,0.12,-0.0264391489864316,-0.015625,0.0,-18.775845434884744,-27.419025109299525,-17.583843940470643,0.0,ATL,2023-11-21 05:05:59.636344
2023-11-22,HOUMEM,Houston Rockets,0,0,0,0,0,Home,0.0819277108433734,0.0911047345767575,0.2021052631578946,0.128333564529833,0.1232262382864792,13.64123159303882,21.930334218680827,35.92574147853033,25.238214186222947,1.0,HOU,2023-11-22 06:43:56.625290
2023-11-22,INDTOR,Toronto Raptors,1,1,1,1,1,Away,0.0698069498069497,0.1415584415584416,0.0074568288854003,0.0861596445587208,0.0959073359073359,10.949806949806955,10.448674477579829,11.90103616199471,11.85185765193063,1.0,TOR,2023-11-22 06:43:56.625290
2023-11-22,INDTOR,Indiana Pacers,0,0,0,0,0,Home,-0.0698069498069497,-0.1415584415584416,-0.0074568288854003,-0.0861596445587208,-0.0959073359073359,-10.949806949806955,-10.448674477579829,-11.90103616199471,-11.85185765193063,0.0,IND,2023-11-22 06:43:56.625290
2023-11-22,LACSAS,LA Clippers,0,0,0,0,0,Away,-0.0522160227392356,-0.0356629278113316,-0.0929487179487179,-0.0777021574433474,-0.0719373969189739,-3.200336877566066,-8.208323010545143,-6.678620110444228,-8.257843681284044,0.0,LAC,2023-11-22 06:43:56.625290
2023-11-22,LACSAS,San Antonio Spurs,1,1,1,1,1,Home,0.0522160227392356,0.0356629278113316,0.0929487179487179,0.0777021574433474,0.0719373969189739,3.200336877566066,8.208323010545143,6.678620110444228,8.257843681284044,1.0,SAS,2023-11-22 06:43:56.625290
2023-11-22,PORUTA,Utah Jazz,0,0,0,0,0,Away,0.0315431067711679,-0.0403846153846153,0.0327485380116958,0.0319233632545533,0.0248297571630476,0.4272131568803807,3.5846334205067905,7.561778708861397,3.774484207692751,1.0,UTA,2023-11-22 06:43:56.625290
2023-11-22,MINPHI,Minnesota Timberwolves,0,0,0,0,0,Home,0.0984783232845248,0.2944444444444444,0.2422360248447205,0.1485204053601104,0.1271174275050244,3.83290267011197,25.46680465862768,28.71827548656969,27.754999851530545,1.0,MIN,2023-11-22 06:43:56.625290
2023-11-22,NOPSAC,Sacramento Kings,0,0,0,0,0,Away,0.0347504873961077,0.1231884057971014,-0.046448087431694,0.0226632698375638,0.015955809419571,-6.307076649451037,5.70340152468016,-4.521721847849562,4.053934685405963,1.0,SAC,2023-11-22 06:43:56.625290
2023-11-22,NOPSAC,New Orleans Pelicans,1,1,1,1,1,Home,-0.0347504873961077,-0.1231884057971014,0.046448087431694,-0.0226632698375638,-0.015955809419571,6.307076649451037,-5.70340152468016,4.521721847849562,-4.053934685405963,0.0,NOP,2023-11-22 06:43:56.625290
2023-11-22,HOUMEM,Memphis Grizzlies,1,1,1,1,1,Away,-0.0819277108433734,-0.0911047345767575,-0.2021052631578946,-0.128333564529833,-0.1232262382864792,-13.64123159303882,-21.930334218680827,-35.92574147853033,-25.238214186222947,0.0,MEM,2023-11-22 06:43:56.625290
2023-11-22,PORUTA,Portland Trail Blazers,1,1,1,1,1,Home,-0.0315431067711679,0.0403846153846153,-0.0327485380116958,-0.0319233632545533,-0.0248297571630476,-0.4272131568803807,-3.5846334205067905,-7.561778708861397,-3.774484207692751,0.0,POR,2023-11-22 06:43:56.625290
2023-11-22,MINPHI,Philadelphia 76ers,1,1,1,1,1,Away,-0.0984783232845248,-0.2944444444444444,-0.2422360248447205,-0.1485204053601104,-0.1271174275050244,-3.83290267011197,-25.46680465862768,-28.71827548656969,-27.754999851530545,0.0,PHI,2023-11-22 06:43:56.625290
2023-11-22,GSWPHX,Phoenix Suns,1,1,1,1,1,Home,-0.0576840424878737,-0.1146245059288537,0.0518444666001993,-0.0814148598901578,-0.0738779394609197,-4.261067108737031,-20.05791881349733,-19.658036752190423,-17.13826018157914,0.0,PHX,2023-11-22 06:43:56.625290
2023-11-22,BOSMIL,Boston Celtics,1,1,1,1,1,Home,-0.088235294117647,-0.126068376068376,-0.0222222222222222,-0.1086058093450146,-0.1226190476190476,-7.927170868347336,-21.577775744823583,-22.491080413502857,-21.516983613720345,0.0,BOS,2023-11-22 06:43:56.625290
2023-11-22,DENORL,Orlando Magic,0,0,0,0,0,Home,-0.0202503681885125,-0.0303030303030302,0.0350877192982456,0.0041674857101009,-0.0071183112420225,3.829160530191455,-14.162610584899385,-31.1939974762158,-13.431399610174182,0.0,ORL,2023-11-22 06:43:56.625290
2023-11-22,GSWPHX,Golden State Warriors,1,1,1,1,1,Away,0.0576840424878737,0.1146245059288537,-0.0518444666001993,0.0814148598901578,0.0738779394609197,4.261067108737031,20.05791881349733,19.658036752190423,17.13826018157914,1.0,GSW,2023-11-22 06:43:56.625290
2023-11-22,ATLBKN,Atlanta Hawks,1,1,1,1,1,Home,0.03475935828877,-0.0923076923076923,0.1313043478260869,0.0530475732492022,0.0411764705882352,2.2459893048128343,1.1030113617353834,0.1856885038446449,3.4330739322575283,1.0,ATL,2023-11-22 06:43:56.625290
2023-11-22,ATLBKN,Brooklyn Nets,0,0,0,0,0,Away,-0.03475935828877,0.0923076923076923,-0.1313043478260869,-0.0530475732492022,-0.0411764705882352,-2.2459893048128343,-1.1030113617353834,-0.1856885038446449,-3.4330739322575283,0.0,BKN,2023-11-22 06:43:56.625290
2023-11-22,CHAWAS,Washington Wizards,1,1,1,1,1,Away,-0.0394192879363981,-0.0777233782129742,0.0338753387533876,-0.0530031994796118,-0.0605046664362254,-1.5250604908399588,-7.110124288100721,-5.066605178348382,-6.414033221535348,0.0,WAS,2023-11-22 06:43:56.625290
2023-11-22,CHAWAS,Charlotte Hornets,0,0,0,0,0,Home,0.0394192879363981,0.0777233782129742,-0.0338753387533876,0.0530031994796118,0.0605046664362254,1.5250604908399588,7.110124288100721,5.066605178348382,6.414033221535348,1.0,CHA,2023-11-22 06:43:56.625290
2023-11-22,CHIOKC,Chicago Bulls,1,1,1,1,1,Away,0.0275143303804064,-0.122257053291536,0.0489130434782608,0.0283492172111379,0.0049504950495049,0.5106826472120893,3.606758130818847,1.8232733715762488,4.783648104413942,1.0,CHI,2023-11-22 06:43:56.625290
2023-11-22,BOSMIL,Milwaukee Bucks,0,0,0,0,0,Away,0.088235294117647,0.126068376068376,0.0222222222222222,0.1086058093450146,0.1226190476190476,7.927170868347336,21.577775744823583,22.491080413502857,21.516983613720345,1.0,MIL,2023-11-22 06:43:56.625290
2023-11-22,CLEMIA,Miami Heat,1,1,1,1,1,Away,0.0946316913222509,-0.0108923334729786,-0.1443768996960486,0.0655472266939762,0.1036297087082507,13.901174317523257,9.555330487834311,29.821177548643703,11.8713683881125,1.0,MIA,2023-11-22 06:43:56.625290
2023-11-22,CLEMIA,Cleveland Cavaliers,0,0,0,0,0,Home,-0.0946316913222509,0.0108923334729786,0.1443768996960486,-0.0655472266939762,-0.1036297087082507,-13.901174317523257,-9.555330487834311,-29.821177548643703,-11.8713683881125,0.0,CLE,2023-11-22 06:43:56.625290
2023-11-22,DALLAL,Dallas Mavericks,0,0,0,0,0,Away,-0.0589795918367347,-0.1488352027610008,-0.0459770114942528,-0.0947442146064396,-0.1064285714285713,-5.734693877551024,-5.208656165647895,-6.450631881016022,-9.327797851301966,0.0,DAL,2023-11-22 06:43:56.625290
2023-11-22,DALLAL,Los Angeles Lakers,1,1,1,1,1,Home,0.0589795918367347,0.1488352027610008,0.0459770114942528,0.0947442146064396,0.1064285714285713,5.734693877551024,5.208656165647895,6.450631881016022,9.327797851301966,1.0,LAL,2023-11-22 06:43:56.625290
2023-11-22,DENORL,Denver Nuggets,0,0,0,0,0,Away,0.0202503681885125,0.0303030303030302,-0.0350877192982456,-0.0041674857101009,0.0071183112420225,-3.829160530191455,14.162610584899385,31.1939974762158,13.431399610174182,1.0,DEN,2023-11-22 06:43:56.625290
2023-11-22,CHIOKC,Oklahoma City Thunder,0,0,0,0,0,Home,-0.0275143303804064,0.122257053291536,-0.0489130434782608,-0.0283492172111379,-0.0049504950495049,-0.5106826472120893,-3.606758130818847,-1.8232733715762488,-4.783648104413942,0.0,OKC,2023-11-22 06:43:56.625290
2023-11-24,MINSAC,Minnesota Timberwolves,0,0,0,0,0,Home,-0.0300976487215726,-0.0958646616541353,0.093703148425787,-0.0410040906159573,-0.0646762173968906,-5.894256713349609,2.443372321699229,0.1411314521231332,1.244110702794103,1.0,MIN,2023-11-24 06:09:20.597843
2023-11-24,MINSAC,Sacramento Kings,0,0,0,0,0,Away,0.0300976487215726,0.0958646616541353,-0.093703148425787,0.0410040906159573,0.0646762173968906,5.894256713349609,-2.443372321699229,-0.1411314521231332,-1.244110702794103,0.0,SAC,2023-11-24 06:09:20.597843
2023-11-24,MILWAS,Milwaukee Bucks,1,1,1,1,1,Home,0.0633080457313815,0.0081148564294631,-0.1169871794871795,0.0360116829692784,0.0413505716422695,4.319371727748688,6.175457521688074,7.604278108910009,4.886957307214445,1.0,MIL,2023-11-24 06:09:20.597843
2023-11-24,MILWAS,Washington Wizards,1,1,1,1,1,Away,-0.0633080457313815,-0.0081148564294631,0.1169871794871795,-0.0360116829692784,-0.0413505716422695,-4.319371727748688,-6.175457521688074,-7.604278108910009,-4.886957307214445,0.0,WAS,2023-11-24 06:09:20.597843
2023-11-24,MIANYK,New York Knicks,0,0,0,0,0,Home,-0.043578742770456,-0.0136199722607489,0.096665327440739,-0.033104766333232,-0.0388439840712999,0.1457760500616238,-3.370853514408949,-4.806226939445651,-2.102450658761825,0.0,NYK,2023-11-24 06:09:20.597843
2023-11-24,MIANYK,Miami Heat,0,0,0,0,0,Away,0.043578742770456,0.0136199722607489,-0.096665327440739,0.033104766333232,0.0388439840712999,-0.1457760500616238,3.370853514408949,4.806226939445651,2.102450658761825,1.0,MIA,2023-11-24 06:09:20.597843
2023-11-24,MEMPHX,Memphis Grizzlies,0,0,0,0,0,Home,0.0003006253006253,0.0636660447761194,0.0942760942760942,0.017800160566658,0.0135131072631072,8.655002405002406,-4.395236965291133,-4.307998411306656,-4.33839085301733,0.0,MEM,2023-11-24 06:09:20.597843
2023-11-24,LACNOP,LA Clippers,1,1,1,1,1,Home,0.047389003910743,0.1531746031746031,0.0294117647058822,0.0472310158216296,0.0618817575339314,3.059581320450881,22.025103762168115,41.32029392622886,22.944288808861728,1.0,LAC,2023-11-24 06:09:20.597843
2023-11-24,MEMPHX,Phoenix Suns,0,0,0,0,0,Away,-0.0003006253006253,-0.0636660447761194,-0.0942760942760942,-0.017800160566658,-0.0135131072631072,-8.655002405002406,4.395236965291133,4.307998411306656,4.33839085301733,1.0,PHX,2023-11-24 06:09:20.597843
2023-11-24,GSWSAS,Golden State Warriors,0,0,0,0,0,Home,-0.0682681731826818,-0.0953201970443349,-0.1085043988269793,-0.1119134817948941,-0.1107514248575142,-8.756624337566251,-16.82366308660204,-14.173422901172216,-17.380678628873,0.0,GSW,2023-11-24 06:09:20.597843
2023-11-24,GSWSAS,San Antonio Spurs,1,1,1,1,1,Away,0.0682681731826818,0.0953201970443349,0.1085043988269793,0.1119134817948941,0.1107514248575142,8.756624337566251,16.82366308660204,14.173422901172216,17.380678628873,1.0,SAS,2023-11-24 06:09:20.597843
2023-11-24,DETIND,Indiana Pacers,1,1,1,1,1,Home,-0.0050870147255689,0.064516129032258,0.021978021978022,-0.001890527143502,0.0008701472556894,-8.273092369477911,7.622444584635119,14.316857177476509,8.652000000964563,1.0,IND,2023-11-24 06:09:20.597843
2023-11-24,DETIND,Detroit Pistons,0,0,0,0,0,Away,0.0050870147255689,-0.064516129032258,-0.021978021978022,0.001890527143502,-0.0008701472556894,8.273092369477911,-7.622444584635119,-14.316857177476509,-8.652000000964563,0.0,DET,2023-11-24 06:09:20.597843
2023-11-24,DENHOU,Houston Rockets,0,0,0,0,0,Home,0.0421652421652422,0.0130699088145896,-0.0952380952380952,0.0372858184127866,0.0546361046361046,6.759906759906755,2.6035017018884474,11.081341757238777,2.0755436407770844,1.0,HOU,2023-11-24 06:09:20.597843
2023-11-24,DENHOU,Denver Nuggets,1,1,1,1,1,Away,-0.0421652421652422,-0.0130699088145896,0.0952380952380952,-0.0372858184127866,-0.0546361046361046,-6.759906759906755,-2.6035017018884474,-11.081341757238777,-2.0755436407770844,0.0,DEN,2023-11-24 06:09:20.597843
2023-11-24,CHITOR,Toronto Raptors,0,0,0,0,0,Home,0.06317907444668,0.0175548589341693,0.2135897435897435,0.0725973633846126,0.0610232825524575,3.4995688416211586,-0.7288381048771413,-15.103036018758331,-0.2998950555334829,0.0,TOR,2023-11-24 06:09:20.597843
2023-11-24,CHITOR,Chicago Bulls,1,1,1,1,1,Away,-0.06317907444668,-0.0175548589341693,-0.2135897435897435,-0.0725973633846126,-0.0610232825524575,-3.4995688416211586,0.7288381048771413,15.103036018758331,0.2998950555334829,1.0,CHI,2023-11-24 06:09:20.597843
2023-11-24,BOSORL,Orlando Magic,1,1,1,1,1,Home,-0.0781698221457257,-0.0161030595813204,0.0606060606060606,-0.0396718075319224,-0.0352122776821571,2.725186460126213,-16.862151215212975,-14.899289440650447,-12.132406483408817,0.0,ORL,2023-11-24 06:09:20.597843
2023-11-24,LACNOP,New Orleans Pelicans,1,1,1,1,1,Away,-0.047389003910743,-0.1531746031746031,-0.0294117647058822,-0.0472310158216296,-0.0618817575339314,-3.059581320450881,-22.025103762168115,-41.32029392622886,-22.944288808861728,0.0,NOP,2023-11-24 06:09:20.597843
2023-11-24,BOSORL,Boston Celtics,1,1,1,1,1,Away,0.0781698221457257,0.0161030595813204,-0.0606060606060606,0.0396718075319224,0.0352122776821571,-2.725186460126213,16.862151215212975,14.899289440650447,12.132406483408817,1.0,BOS,2023-11-24 06:09:20.597843
2023-11-25,OKCPHI,Oklahoma City Thunder,1,1,1,1,1,Home,0.0842116820377689,-0.0098039215686274,0.0695187165775401,0.0679382763266085,0.0745498462889767,11.901624945103208,15.531056277282673,30.3378740612414,17.93288273639213,1.0,OKC,2023-11-25 07:35:02.254515
2023-11-25,OKCPHI,Philadelphia 76ers,0,0,0,0,0,Away,-0.0842116820377689,0.0098039215686274,-0.0695187165775401,-0.0679382763266085,-0.0745498462889767,-11.901624945103208,-15.531056277282673,-30.3378740612414,-17.93288273639213,0.0,PHI,2023-11-25 07:35:02.254515
2023-11-25,NOPUTA,Utah Jazz,0,0,0,0,0,Home,-0.0291666666666666,-0.0703620754012691,-0.0378052860488457,-0.0609204208481608,-0.0721153846153846,-2.6842948717948723,-9.06726098124227,-15.32443103511261,-11.891666388207652,0.0,UTA,2023-11-25 07:35:02.254515
2023-11-25,NOPUTA,New Orleans Pelicans,1,1,1,1,1,Away,0.0291666666666666,0.0703620754012691,0.0378052860488457,0.0609204208481608,0.0721153846153846,2.6842948717948723,9.06726098124227,15.32443103511261,11.891666388207652,1.0,NOP,2023-11-25 07:35:02.254515
2023-11-25,DALLAC,LA Clippers,0,1,0,1,0,Home,0.0353187786742603,0.0222602739726027,-0.0099889012208655,0.061409509396449,0.0641907925961081,4.053947160259448,-0.1361566782127425,-7.876444227062237,-1.931686297104946,0.0,LAC,2023-11-25 07:35:02.254515
2023-11-25,BKNMIA,Brooklyn Nets,0,0,0,0,0,Home,-0.0746362071663276,-0.1501831501831502,-0.1258620689655172,-0.1277450619555883,-0.1368330464716007,-10.874667501173526,-11.932710699314145,-13.022035318050529,-15.428839396702967,0.0,BKN,2023-11-25 07:35:02.254515
2023-11-25,CLELAL,Cleveland Cavaliers,0,0,0,0,0,Home,-0.089162740123233,-0.0925925925925925,0.0686274509803922,-0.0649753821272196,-0.0930892835568442,-8.904192340219883,-17.35717286368397,-37.511890063346485,-20.276962324532363,0.0,CLE,2023-11-25 07:35:02.254515
2023-11-25,CLELAL,Los Angeles Lakers,1,1,1,1,1,Away,0.089162740123233,0.0925925925925925,-0.0686274509803922,0.0649753821272196,0.0930892835568442,8.904192340219883,17.35717286368397,37.511890063346485,20.276962324532363,1.0,LAL,2023-11-25 07:35:02.254515
2023-11-25,BKNMIA,Miami Heat,1,1,1,1,1,Away,0.0746362071663276,0.1501831501831502,0.1258620689655172,0.1277450619555883,0.1368330464716007,10.874667501173526,11.932710699314145,13.022035318050529,15.428839396702967,1.0,MIA,2023-11-25 07:35:02.254515
2023-11-25,ATLWAS,Washington Wizards,1,1,1,1,1,Home,-0.0429824561403508,0.1107142857142857,-0.0222222222222222,-0.0183149888085509,-0.0235380116959064,-7.339181286549707,4.7430522614358495,3.296947047199112,3.90262524248972,1.0,WAS,2023-11-25 07:35:02.254515
2023-11-25,ATLWAS,Atlanta Hawks,0,0,0,0,0,Away,0.0429824561403508,-0.1107142857142857,0.0222222222222222,0.0183149888085509,0.0235380116959064,7.339181286549707,-4.7430522614358495,-3.296947047199112,-3.90262524248972,0.0,ATL,2023-11-25 07:35:02.254515
2023-11-25,DALLAC,Dallas Mavericks,1,0,1,0,1,Away,-0.0353187786742603,-0.0222602739726027,0.0099889012208655,-0.061409509396449,-0.0641907925961081,-4.053947160259448,0.1361566782127425,7.876444227062237,1.931686297104946,1.0,DAL,2023-11-25 07:35:02.254515
2023-11-26,NYKPHX,New York Knicks,0,0,0,0,0,Home,-0.095681888785337,-0.1236691236691236,0.0342857142857142,-0.1392984014209591,-0.1260484622553588,-9.847778813296053,-28.070773379962333,-28.047557656496195,-23.72110800112121,0.0,NYK,2023-11-26 05:18:35.481199
2023-11-26,NYKPHX,Phoenix Suns,1,1,1,1,1,Away,0.095681888785337,0.1236691236691236,-0.0342857142857142,0.1392984014209591,0.1260484622553588,9.847778813296053,28.070773379962333,28.047557656496195,23.72110800112121,1.0,PHX,2023-11-26 05:18:35.481199
2023-11-26,MILPOR,Milwaukee Bucks,0,0,0,0,0,Home,-0.0733933483370842,-0.0455665024630542,0.1494736842105263,-0.0658487864018422,-0.082708177044261,-15.616404101025251,-11.459191147171438,-34.00832609132894,-9.632261352625576,0.0,MIL,2023-11-26 05:18:35.481199
2023-11-26,MILPOR,Portland Trail Blazers,1,1,1,1,1,Away,0.0733933483370842,0.0455665024630542,-0.1494736842105263,0.0658487864018422,0.082708177044261,15.616404101025251,11.459191147171438,34.00832609132894,9.632261352625576,1.0,POR,2023-11-26 05:18:35.481199
2023-11-26,MEMMIN,Minnesota Timberwolves,1,1,1,1,1,Away,0.0736318061551315,-0.0800308800823469,-0.130718954248366,0.0410538994949694,0.0482001114050968,-2.102771201782481,13.804075530894425,13.226104605657852,10.69033414664132,1.0,MIN,2023-11-26 05:18:35.481199
2023-11-26,DENSAS,Denver Nuggets,0,0,0,0,0,Home,-0.1216954022988506,-0.1172413793103448,0.0789473684210526,-0.1177523221592985,-0.1329022988505747,-7.528735632183903,-25.62474796643714,-44.10439715259018,-27.36691795391277,0.0,DEN,2023-11-26 05:18:35.481199
2023-11-26,MEMMIN,Memphis Grizzlies,0,0,0,0,0,Home,-0.0736318061551315,0.0800308800823469,0.130718954248366,-0.0410538994949694,-0.0482001114050968,2.102771201782481,-13.804075530894425,-13.226104605657852,-10.69033414664132,0.0,MEM,2023-11-26 05:18:35.481199
2023-11-26,CLETOR,Cleveland Cavaliers,0,0,0,0,0,Home,-0.0780720338983051,0.0313230481533426,0.1363636363636364,-0.0763738442150573,-0.0896009887005649,-11.391242937853107,-11.214375511833495,-15.653079972512105,-9.308792490010193,0.0,CLE,2023-11-26 05:18:35.481199
2023-11-26,DENSAS,San Antonio Spurs,1,1,1,1,1,Away,0.1216954022988506,0.1172413793103448,-0.0789473684210526,0.1177523221592985,0.1329022988505747,7.528735632183903,25.62474796643714,44.10439715259018,27.36691795391277,1.0,SAS,2023-11-26 05:18:35.481199
2023-11-26,ATLBOS,Atlanta Hawks,1,1,1,1,1,Away,0.0761856855418223,0.0865516407320809,-0.0511556240369799,0.0931150216058468,0.1026839609083069,8.212848519689565,10.528649439146191,14.800375218954173,10.655871912848866,1.0,ATL,2023-11-26 05:18:35.481199
2023-11-26,ATLBOS,Boston Celtics,0,0,0,0,0,Home,-0.0761856855418223,-0.0865516407320809,0.0511556240369799,-0.0931150216058468,-0.1026839609083069,-8.212848519689565,-10.528649439146191,-14.800375218954173,-10.655871912848866,0.0,BOS,2023-11-26 05:18:35.481199
2023-11-26,BKNCHI,Brooklyn Nets,0,0,0,0,0,Home,-0.0045454545454545,-0.0780075187969925,-0.0086580086580086,-0.0465202932173868,-0.0452020202020202,-12.676767676767678,-1.611166245385817,-7.683417094164511,-1.5252705323758988,0.0,BKN,2023-11-26 05:18:35.481199
2023-11-26,CHAORL,Charlotte Hornets,1,1,1,1,1,Away,0.0198325692645007,0.0821917808219178,0.0046768707482992,0.0349207336645736,0.0374725931831771,4.767125107966251,4.158815299108511,4.949925483823549,4.648712742614833,1.0,CHA,2023-11-26 05:18:35.481199
2023-11-26,CHAORL,Orlando Magic,0,0,0,0,0,Home,-0.0198325692645007,-0.0821917808219178,-0.0046768707482992,-0.0349207336645736,-0.0374725931831771,-4.767125107966251,-4.158815299108511,-4.949925483823549,-4.648712742614833,0.0,ORL,2023-11-26 05:18:35.481199
2023-11-26,CLETOR,Toronto Raptors,1,1,1,1,1,Away,0.0780720338983051,-0.0313230481533426,-0.1363636363636364,0.0763738442150573,0.0896009887005649,11.391242937853107,11.214375511833495,15.653079972512105,9.308792490010193,1.0,TOR,2023-11-26 05:18:35.481199
2023-11-26,BKNCHI,Chicago Bulls,1,1,1,1,1,Away,0.0045454545454545,0.0780075187969925,0.0086580086580086,0.0465202932173868,0.0452020202020202,12.676767676767678,1.611166245385817,7.683417094164511,1.5252705323758988,1.0,CHI,2023-11-26 05:18:35.481199
2023-11-27,DENLAC,Denver Nuggets,0,0,0,0,0,Away,0.0257877587125076,-0.0014640160271228,-0.1195968645016797,0.00151848289679,0.0172851095325348,-2.2014820965980384,-6.150614326926572,-11.889905227724896,-6.498213322927626,0.0,DEN,2023-11-27 11:15:24.684991
2023-11-27,DENLAC,LA Clippers,1,1,1,1,1,Home,-0.0257877587125076,0.0014640160271228,0.1195968645016797,-0.00151848289679,-0.0172851095325348,2.2014820965980384,6.150614326926572,11.889905227724896,6.498213322927626,1.0,LAC,2023-11-27 11:15:24.684991
2023-11-27,DETWAS,Detroit Pistons,1,1,1,1,1,Home,0.068342151675485,0.0466666666666666,-0.0534759358288771,0.0480020862834966,0.0650352733686067,-1.190476190476197,3.725812723406392,12.229559958197145,4.871751454774071,1.0,DET,2023-11-27 11:15:24.684991
2023-11-27,INDPOR,Portland Trail Blazers,1,1,1,1,1,Away,0.0481256332320162,0.0072727272727273,0.069327731092437,0.0728503857199167,0.0419199594731509,-5.7244174265450845,11.41744733219022,-0.5369097061287817,10.876701351791963,1.0,POR,2023-11-27 11:15:24.684991
2023-11-27,INDPOR,Indiana Pacers,0,0,0,0,0,Home,-0.0481256332320162,-0.0072727272727273,-0.069327731092437,-0.0728503857199167,-0.0419199594731509,5.7244174265450845,-11.41744733219022,0.5369097061287817,-10.876701351791963,0.0,IND,2023-11-27 11:15:24.684991
2023-11-27,LALPHI,Los Angeles Lakers,1,1,1,1,1,Away,0.0333333333333333,0.0951612903225806,0.0969696969696969,0.0643680330417018,0.0708333333333333,0.3787878787878753,9.221222301519605,12.754791206113223,11.93717993662878,1.0,LAL,2023-11-27 11:15:24.684991
2023-11-27,LALPHI,Philadelphia 76ers,0,0,0,0,0,Home,-0.0333333333333333,-0.0951612903225806,-0.0969696969696969,-0.0643680330417018,-0.0708333333333333,-0.3787878787878753,-9.221222301519605,-12.754791206113223,-11.93717993662878,0.0,PHI,2023-11-27 11:15:24.684991
2023-11-27,NOPUTA,New Orleans Pelicans,1,1,1,1,1,Away,0.0291666666666666,0.0703620754012691,0.0378052860488457,0.0609204208481608,0.0721153846153846,2.6842948717948723,9.06726098124227,15.32443103511261,11.891666388207652,1.0,NOP,2023-11-27 11:15:24.684991
2023-11-27,NOPUTA,Utah Jazz,0,0,0,0,0,Home,-0.0291666666666666,-0.0703620754012691,-0.0378052860488457,-0.0609204208481608,-0.0721153846153846,-2.6842948717948723,-9.06726098124227,-15.32443103511261,-11.891666388207652,0.0,UTA,2023-11-27 11:15:24.684991
2023-11-27,DETWAS,Washington Wizards,0,0,0,0,0,Away,-0.068342151675485,-0.0466666666666666,0.0534759358288771,-0.0480020862834966,-0.0650352733686067,1.190476190476197,-3.725812723406392,-12.229559958197145,-4.871751454774071,0.0,WAS,2023-11-27 11:15:24.684991
2023-11-28,BKNTOR,Toronto Raptors,1,1,1,1,1,Away,0.0998037566582562,0.0520833333333333,-0.0515151515151515,0.0977756528827162,0.1266470423324923,14.536024670591535,8.284816239840765,16.09888262662409,9.105551449374872,1.0,TOR,2023-11-28 05:22:04.656101
2023-11-28,MINOKC,Minnesota Timberwolves,0,0,0,0,0,Home,-0.0836953743930488,-0.0073313782991202,0.0327922077922077,-0.0728830186118053,-0.084621773575262,-6.670074111934575,-10.615296092455608,-18.49676661107651,-10.457643517762705,0.0,MIN,2023-11-28 05:22:04.656101
2023-11-28,BKNTOR,Brooklyn Nets,0,0,0,0,0,Home,-0.0998037566582562,-0.0520833333333333,0.0515151515151515,-0.0977756528827162,-0.1266470423324923,-14.536024670591535,-8.284816239840765,-16.09888262662409,-9.105551449374872,0.0,BKN,2023-11-28 05:22:04.656101
2023-11-28,BOSCHI,Chicago Bulls,1,1,1,1,1,Away,-0.0205012182387747,-0.0873015873015872,0.0717948717948718,2.188074643105775e-05,-0.0297250261051166,5.154890358510265,4.723493932127013,6.688720170108951,4.054619618533323,1.0,CHI,2023-11-28 05:22:04.656101
2023-11-28,BOSCHI,Boston Celtics,0,0,0,0,0,Home,0.0205012182387747,0.0873015873015872,-0.0717948717948718,-2.188074643105775e-05,0.0297250261051166,-5.154890358510265,-4.723493932127013,-6.688720170108951,-4.054619618533323,0.0,BOS,2023-11-28 05:22:04.656101
2023-11-28,ATLCLE,Atlanta Hawks,1,1,1,1,1,Away,0.1632183908045976,0.2027863777089782,-0.0127877237851662,0.1716360683361071,0.1714285714285713,6.699507389162562,17.089008961727785,3.7448213618327344,15.302337602579255,1.0,ATL,2023-11-28 05:22:04.656101
2023-11-28,CHANYK,Charlotte Hornets,1,1,1,1,1,Away,0.0162199910401349,-0.0284944166345784,0.0564516129032258,0.0271995714907683,0.0174387962157747,-3.1425409123250816,6.165000804747123,2.2742081749541825,5.303886025313432,1.0,CHA,2023-11-28 05:22:04.656101
2023-11-28,CHANYK,New York Knicks,0,0,0,0,0,Home,-0.0162199910401349,0.0284944166345784,-0.0564516129032258,-0.0271995714907683,-0.0174387962157747,3.1425409123250816,-6.165000804747123,-2.2742081749541825,-5.303886025313432,0.0,NYK,2023-11-28 05:22:04.656101
2023-11-28,DALHOU,Houston Rockets,0,0,0,1,0,Away,-0.0492710713481157,-0.0928571428571428,0.0249627421758569,-0.0519527566091845,-0.0398738454606893,0.3379139445821124,-1.549205298136599,4.327472022918101,1.4613371586998198,0.0,HOU,2023-11-28 05:22:04.656101
2023-11-28,DALHOU,Dallas Mavericks,1,1,1,1,1,Home,0.0492710713481157,0.0928571428571428,-0.0249627421758569,0.0519527566091845,0.0398738454606893,-0.3379139445821124,1.549205298136599,-4.327472022918101,-1.4613371586998198,1.0,DAL,2023-11-28 05:22:04.656101
2023-11-28,GSWSAC,Golden State Warriors,0,0,0,0,0,Away,-0.0401277692681286,-0.0411274862209441,-0.0838899278653486,-0.0602482765967489,-0.0553816266298053,-5.256472522135464,-6.637019282634171,-6.015649239851726,-7.389415059984216,0.0,GSW,2023-11-28 05:22:04.656101
2023-11-28,GSWSAC,Sacramento Kings,1,1,1,1,1,Home,0.0401277692681286,0.0411274862209441,0.0838899278653486,0.0602482765967489,0.0553816266298053,5.256472522135464,6.637019282634171,6.015649239851726,7.389415059984216,1.0,SAC,2023-11-28 05:22:04.656101
2023-11-28,MIAMIL,Milwaukee Bucks,1,1,1,1,1,Away,0.0736543909348441,0.0299586776859503,0.1283292978208232,0.0570135010901177,0.0453257790368272,-3.9660056657223848,13.757468910558645,13.128924913189325,14.286097330187346,1.0,MIL,2023-11-28 05:22:04.656101
2023-11-28,MIAMIL,Miami Heat,0,0,0,0,0,Home,-0.0736543909348441,-0.0299586776859503,-0.1283292978208232,-0.0570135010901177,-0.0453257790368272,3.9660056657223848,-13.757468910558645,-13.128924913189325,-14.286097330187346,0.0,MIA,2023-11-28 05:22:04.656101
2023-11-28,MINOKC,Oklahoma City Thunder,1,1,1,1,1,Away,0.0836953743930488,0.0073313782991202,-0.0327922077922077,0.0728830186118053,0.084621773575262,6.670074111934575,10.615296092455608,18.49676661107651,10.457643517762705,1.0,OKC,2023-11-28 05:22:04.656101
2023-11-28,ATLCLE,Cleveland Cavaliers,0,0,0,0,0,Home,-0.1632183908045976,-0.2027863777089782,0.0127877237851662,-0.1716360683361071,-0.1714285714285713,-6.699507389162562,-17.089008961727785,-3.7448213618327344,-15.302337602579255,0.0,CLE,2023-11-28 05:22:04.656101
2023-11-29,PHXTOR,Toronto Raptors,0,0,0,0,0,Home,-0.0008694140149538,0.1333333333333333,0.0234113712374581,0.0298183714453726,0.0298209007129194,11.928360285167802,-10.087278447150185,-9.021323874580872,-9.70795185980107,0.0,TOR,2023-11-29 06:49:02.137132
2023-11-29,DENHOU,Denver Nuggets,0,0,0,0,0,Home,-0.1104012439576783,-0.1383301707779886,-0.0325581395348837,-0.105208537314726,-0.1142717101037759,-10.81702329040327,-23.27114587539066,-36.1654147928873,-22.553150018473644,0.0,DEN,2023-11-29 06:49:02.137132
2023-11-29,DETLAL,Los Angeles Lakers,0,0,0,0,0,Away,-0.0852534562211982,-0.0452991452991453,0.045751633986928,-0.0644362213648164,-0.0593317972350231,-6.797235023041473,-8.749700527628534,-4.954836161528746,-6.6460063850664,0.0,LAL,2023-11-29 06:49:02.137132
2023-11-29,DETLAL,Detroit Pistons,1,1,1,1,1,Home,0.0852534562211982,0.0452991452991453,-0.045751633986928,0.0644362213648164,0.0593317972350231,6.797235023041473,8.749700527628534,4.954836161528746,6.6460063850664,1.0,DET,2023-11-29 06:49:02.137132
2023-11-29,LACSAC,LA Clippers,1,1,1,1,1,Away,-0.0114942528735632,-0.0384331116038433,0.2962962962962963,0.0079496619760168,-0.0344827586206897,-5.74712643678161,0.286684124493803,-6.682650801830377,4.11652539718051,1.0,LAC,2023-11-29 06:49:02.137132
2023-11-29,LACSAC,Sacramento Kings,0,1,0,0,0,Home,0.0114942528735632,0.0384331116038433,-0.2962962962962963,-0.0079496619760168,0.0344827586206897,5.74712643678161,-0.286684124493803,6.682650801830377,-4.11652539718051,0.0,SAC,2023-11-29 06:49:02.137132
2023-11-29,MEMUTA,Utah Jazz,1,1,1,1,1,Away,-0.0664769133459835,-5.551115123125783e-17,-0.1404761904761905,-0.0862495413088321,-0.0674889310562933,-7.571157495256163,1.362872582154267,9.225048213706105,0.8092194505459389,1.0,UTA,2023-11-29 06:49:02.137132
2023-11-29,MEMUTA,Memphis Grizzlies,0,0,0,0,0,Home,0.0664769133459835,5.551115123125783e-17,0.1404761904761905,0.0862495413088321,0.0674889310562933,7.571157495256163,-1.362872582154267,-9.225048213706105,-0.8092194505459389,0.0,MEM,2023-11-29 06:49:02.137132
2023-11-29,NOPPHI,Philadelphia 76ers,1,1,1,1,1,Away,-0.0225,0.0721062618595825,-0.095959595959596,-0.0223689025087474,-0.0220833333333333,-13.583333333333336,9.569694820331051,9.67355752609062,8.376000112192102,1.0,PHI,2023-11-29 06:49:02.137132
2023-11-29,ORLWAS,Washington Wizards,0,0,0,0,0,Away,-0.0594233473980309,-0.0583195135433941,0.0619918699186992,-0.0843262859452739,-0.0913150492264416,-11.540084388185658,-3.2166752444672824,-6.987137069483964,-2.0663700340704025,0.0,WAS,2023-11-29 06:49:02.137132
2023-11-29,ORLWAS,Orlando Magic,1,1,1,1,1,Home,0.0594233473980309,0.0583195135433941,-0.0619918699186992,0.0843262859452739,0.0913150492264416,11.540084388185658,3.2166752444672824,6.987137069483964,2.0663700340704025,1.0,ORL,2023-11-29 06:49:02.137132
2023-11-29,PHXTOR,Phoenix Suns,1,1,1,1,1,Away,0.0008694140149538,-0.1333333333333333,-0.0234113712374581,-0.0298183714453726,-0.0298209007129194,-11.928360285167802,10.087278447150185,9.021323874580872,9.70795185980107,1.0,PHX,2023-11-29 06:49:02.137132
2023-11-29,DENHOU,Houston Rockets,1,1,1,1,1,Away,0.1104012439576783,0.1383301707779886,0.0325581395348837,0.105208537314726,0.1142717101037759,10.81702329040327,23.27114587539066,36.1654147928873,22.553150018473644,1.0,HOU,2023-11-29 06:49:02.137132
2023-11-29,NOPPHI,New Orleans Pelicans,0,0,0,0,0,Home,0.0225,-0.0721062618595825,0.095959595959596,0.0223689025087474,0.0220833333333333,13.583333333333336,-9.569694820331051,-9.67355752609062,-8.376000112192102,0.0,NOP,2023-11-29 06:49:02.137132
2023-11-30,GSWLAC,LA Clippers,1,1,1,1,1,Away,0.0521804511278195,0.0624284077892325,0.05,0.070833220351505,0.0818796992481203,8.67669172932331,22.13081527319996,44.220028106421495,23.239014903116725,1.0,LAC,2023-11-30 07:10:47.659843
2023-11-30,MINUTA,Utah Jazz,1,1,1,1,1,Away,0.0428571428571428,0.0907092907092907,-0.0040816326530612,0.0419085453466288,0.0456043956043955,3.4065934065934123,17.515035183975073,33.48233540422008,19.003805458491684,1.0,UTA,2023-11-30 07:10:47.659843
2023-11-30,ATLSAS,Atlanta Hawks,0,0,0,0,0,Away,0.0673056667368864,0.2727272727272727,-0.2249999999999999,0.0861748201220963,0.1170212765957446,6.867495260164315,6.369052703510718,11.18607304543066,7.263886648188503,1.0,ATL,2023-11-30 07:10:47.659843
2023-11-30,MINUTA,Minnesota Timberwolves,0,0,0,0,0,Home,-0.0428571428571428,-0.0907092907092907,0.0040816326530612,-0.0419085453466288,-0.0456043956043955,-3.4065934065934123,-17.515035183975073,-33.48233540422008,-19.003805458491684,0.0,MIN,2023-11-30 07:10:47.659843
2023-11-30,BKNCHA,Charlotte Hornets,0,0,0,0,0,Away,0.0229826353421859,-0.0090090090090089,0.1578947368421053,0.0511085006137966,0.0392620020429008,6.473442288049032,12.216862175753192,23.492360051053023,12.859000189959817,1.0,CHA,2023-11-30 07:10:47.659843
2023-11-30,BKNCHA,Brooklyn Nets,0,0,0,0,0,Home,-0.0229826353421859,0.0090090090090089,-0.1578947368421053,-0.0511085006137966,-0.0392620020429008,-6.473442288049032,-12.216862175753192,-23.492360051053023,-12.859000189959817,0.0,BKN,2023-11-30 07:10:47.659843
2023-11-30,CHIMIL,Milwaukee Bucks,1,1,1,1,1,Away,0.0088985088985088,0.0487512487512487,0.1035294117647058,0.0065137756681457,-0.009018759018759,-0.0481000481000464,-1.0623753708032666,-7.9680437488462275,-1.4839233571266846,0.0,MIL,2023-11-30 07:10:47.659843
2023-11-30,CHIMIL,Chicago Bulls,1,1,1,1,1,Home,-0.0088985088985088,-0.0487512487512487,-0.1035294117647058,-0.0065137756681457,0.009018759018759,0.0481000481000464,1.0623753708032666,7.9680437488462275,1.4839233571266846,1.0,CHI,2023-11-30 07:10:47.659843
2023-11-30,CLEPOR,Portland Trail Blazers,1,1,1,1,1,Away,0.1053361053361053,0.0250896057347669,-0.1304347826086956,0.10426371990597,0.103083853083853,-6.167706167706168,19.711824099541342,0.5908892964855852,16.57361100020806,1.0,POR,2023-11-30 07:10:47.659843
2023-11-30,ATLSAS,San Antonio Spurs,0,0,0,0,0,Home,-0.0673056667368864,-0.2727272727272727,0.2249999999999999,-0.0861748201220963,-0.1170212765957446,-6.867495260164315,-6.369052703510718,-11.18607304543066,-7.263886648188503,0.0,SAS,2023-11-30 07:10:47.659843
2023-11-30,DETNYK,Detroit Pistons,0,0,0,0,0,Away,-0.0156914893617021,0.0241935483870967,0.1749369217830109,-0.004503785625766,-0.0062499999999999,-3.0319148936170244,8.060043472415174,13.998285752700212,12.194617778752756,1.0,DET,2023-11-30 07:10:47.659843
2023-11-30,DETNYK,New York Knicks,0,0,0,0,0,Home,0.0156914893617021,-0.0241935483870967,-0.1749369217830109,0.004503785625766,0.0062499999999999,3.0319148936170244,-8.060043472415174,-13.998285752700212,-12.194617778752756,0.0,NYK,2023-11-30 07:10:47.659843
2023-11-30,GSWLAC,Golden State Warriors,0,0,0,0,0,Home,-0.0521804511278195,-0.0624284077892325,-0.05,-0.070833220351505,-0.0818796992481203,-8.67669172932331,-22.13081527319996,-44.220028106421495,-23.239014903116725,0.0,GSW,2023-11-30 07:10:47.659843
2023-11-30,INDMIA,Indiana Pacers,1,1,1,1,1,Away,-0.0361961876204754,-0.0846153846153846,0.2102425876010781,-0.0508473902420809,-0.093399728707075,-5.7685442992789255,2.359852785019356,-0.7455614851060801,1.731639389569693,1.0,IND,2023-11-30 07:10:47.659843
2023-11-30,INDMIA,Miami Heat,0,0,0,0,0,Home,0.0361961876204754,0.0846153846153846,-0.2102425876010781,0.0508473902420809,0.093399728707075,5.7685442992789255,-2.359852785019356,0.7455614851060801,-1.731639389569693,0.0,MIA,2023-11-30 07:10:47.659843
2023-11-30,LALOKC,Los Angeles Lakers,1,1,1,1,1,Away,0.0085164835164835,-0.1821428571428571,-0.0448717948717948,-0.0569623547423471,-0.031043956043956,4.3681318681318615,-6.455065689645977,6.484453831705366,-3.4494712244439825,0.0,LAL,2023-11-30 07:10:47.659843
2023-11-30,LALOKC,Oklahoma City Thunder,1,1,1,1,1,Home,-0.0085164835164835,0.1821428571428571,0.0448717948717948,0.0569623547423471,0.031043956043956,-4.3681318681318615,6.455065689645977,-6.484453831705366,3.4494712244439825,1.0,OKC,2023-11-30 07:10:47.659843
2023-11-30,CLEPOR,Cleveland Cavaliers,1,1,1,1,1,Home,-0.1053361053361053,-0.0250896057347669,0.1304347826086956,-0.10426371990597,-0.103083853083853,6.167706167706168,-19.711824099541342,-0.5908892964855852,-16.57361100020806,0.0,CLE,2023-11-30 07:10:47.659843
2023-12-01,BOSPHI,Boston Celtics,0,0,0,0,0,Home,-0.0389352686335894,-0.0837104072398189,0.0423076923076923,-0.0568545038582182,-0.0643360844954621,-6.635992790057873,-8.939237604392872,-10.63193305833174,-8.190420676298132,0.0,BOS,2023-12-01 05:00:23.632178
2023-12-01,DALMEM,Memphis Grizzlies,0,0,0,0,0,Away,-0.0689424364123159,-0.063454759106933,-0.0921052631578946,-0.0986892864258972,-0.0745649263721553,-2.1552878179384223,-16.412073143689682,-14.40514407868416,-15.265460014518696,0.0,MEM,2023-12-01 05:00:23.632178
2023-12-01,DALMEM,Dallas Mavericks,1,1,1,1,1,Home,0.0689424364123159,0.063454759106933,0.0921052631578946,0.0986892864258972,0.0745649263721553,2.1552878179384223,16.412073143689682,14.40514407868416,15.265460014518696,1.0,DAL,2023-12-01 05:00:23.632178
2023-12-01,DENPHX,Denver Nuggets,0,0,0,0,0,Away,0.0050902549978915,0.0730462834946343,-0.0243694342238575,0.0264853661270658,0.0280281232856773,2.3842843974727828,-0.4318314476966378,-4.5896666396234735,-0.9623009558903276,0.0,DEN,2023-12-01 05:00:23.632178
2023-12-01,DENPHX,Phoenix Suns,1,1,1,1,1,Home,-0.0050902549978915,-0.0730462834946343,0.0243694342238575,-0.0264853661270658,-0.0280281232856773,-2.3842843974727828,0.4318314476966378,4.5896666396234735,0.9623009558903276,1.0,PHX,2023-12-01 05:00:23.632178
2023-12-01,NYKTOR,Toronto Raptors,0,0,0,0,0,Home,0.0394815204063758,0.0390720390720391,-0.1076923076923077,0.0351314172723783,0.0702574881765633,4.84147836748993,-2.0569611688672467,1.172877206150332,-1.1486980580263977,0.0,TOR,2023-12-01 05:00:23.632178
2023-12-01,NOPSAS,New Orleans Pelicans,0,0,0,0,0,Home,-0.1050124819340428,-0.0777111444277861,-0.1626086956521739,-0.1219117637835114,-0.1097260543949547,-7.1344107213244,-20.518407812624773,-20.96201308949304,-21.34766405272092,0.0,NOP,2023-12-01 05:00:23.632178
2023-12-01,NYKTOR,New York Knicks,1,1,1,1,1,Away,-0.0394815204063758,-0.0390720390720391,0.1076923076923077,-0.0351314172723783,-0.0702574881765633,-4.84147836748993,2.0569611688672467,-1.172877206150332,1.1486980580263977,1.0,NYK,2023-12-01 05:00:23.632178
2023-12-01,ORLWAS,Washington Wizards,0,0,0,0,0,Away,-0.0594233473980309,-0.0583195135433941,0.0619918699186992,-0.0843262859452739,-0.0913150492264416,-11.540084388185658,-3.2166752444672824,-6.987137069483964,-2.0663700340704025,0.0,WAS,2023-12-01 05:00:23.632178
2023-12-01,ORLWAS,Orlando Magic,1,1,1,1,1,Home,0.0594233473980309,0.0583195135433941,-0.0619918699186992,0.0843262859452739,0.0913150492264416,11.540084388185658,3.2166752444672824,6.987137069483964,2.0663700340704025,1.0,ORL,2023-12-01 05:00:23.632178
2023-12-01,NOPSAS,San Antonio Spurs,1,1,1,1,1,Away,0.1050124819340428,0.0777111444277861,0.1626086956521739,0.1219117637835114,0.1097260543949547,7.1344107213244,20.518407812624773,20.96201308949304,21.34766405272092,1.0,SAS,2023-12-01 05:00:23.632178
2023-12-01,BOSPHI,Philadelphia 76ers,1,1,1,1,1,Away,0.0389352686335894,0.0837104072398189,-0.0423076923076923,0.0568545038582182,0.0643360844954621,6.635992790057873,8.939237604392872,10.63193305833174,8.190420676298132,1.0,PHI,2023-12-01 05:00:23.632178
